Data type,Cancer group/site,Year,Sex,Age group (years),Count
Actual,Melanoma of the skin,1982,Males,00–04,0
Actual,Melanoma of the skin,1982,Males,05–09,0
Actual,Melanoma of the skin,1982,Males,10–14,6
Actual,Melanoma of the skin,1982,Males,15–19,30
Actual,Melanoma of the skin,1982,Males,20–24,52
Actual,Melanoma of the skin,1982,Males,25–29,82
Actual,Melanoma of the skin,1982,Males,30–34,128
Actual,Melanoma of the skin,1982,Males,35–39,115
Actual,Melanoma of the skin,1982,Males,40–44,133
Actual,Melanoma of the skin,1982,Males,45–49,131
Actual,Melanoma of the skin,1982,Males,50–54,179
Actual,Melanoma of the skin,1982,Males,55–59,195
Actual,Melanoma of the skin,1982,Males,60–64,201
Actual,Melanoma of the skin,1982,Males,65–69,187
Actual,Melanoma of the skin,1982,Males,70–74,145
Actual,Melanoma of the skin,1982,Males,75–79,82
Actual,Melanoma of the skin,1982,Males,80–84,54
Actual,Melanoma of the skin,1982,Males,85–89,14
Actual,Melanoma of the skin,1982,Males,90+,4
Actual,Melanoma of the skin,1983,Males,00–04,1
Actual,Melanoma of the skin,1983,Males,05–09,2
Actual,Melanoma of the skin,1983,Males,10–14,4
Actual,Melanoma of the skin,1983,Males,15–19,27
Actual,Melanoma of the skin,1983,Males,20–24,51
Actual,Melanoma of the skin,1983,Males,25–29,77
Actual,Melanoma of the skin,1983,Males,30–34,125
Actual,Melanoma of the skin,1983,Males,35–39,135
Actual,Melanoma of the skin,1983,Males,40–44,125
Actual,Melanoma of the skin,1983,Males,45–49,139
Actual,Melanoma of the skin,1983,Males,50–54,171
Actual,Melanoma of the skin,1983,Males,55–59,203
Actual,Melanoma of the skin,1983,Males,60–64,228
Actual,Melanoma of the skin,1983,Males,65–69,204
Actual,Melanoma of the skin,1983,Males,70–74,155
Actual,Melanoma of the skin,1983,Males,75–79,108
Actual,Melanoma of the skin,1983,Males,80–84,38
Actual,Melanoma of the skin,1983,Males,85–89,16
Actual,Melanoma of the skin,1983,Males,90+,10
Actual,Melanoma of the skin,1984,Males,00–04,0
Actual,Melanoma of the skin,1984,Males,05–09,1
Actual,Melanoma of the skin,1984,Males,10–14,4
Actual,Melanoma of the skin,1984,Males,15–19,35
Actual,Melanoma of the skin,1984,Males,20–24,55
Actual,Melanoma of the skin,1984,Males,25–29,92
Actual,Melanoma of the skin,1984,Males,30–34,110
Actual,Melanoma of the skin,1984,Males,35–39,133
Actual,Melanoma of the skin,1984,Males,40–44,158
Actual,Melanoma of the skin,1984,Males,45–49,155
Actual,Melanoma of the skin,1984,Males,50–54,192
Actual,Melanoma of the skin,1984,Males,55–59,209
Actual,Melanoma of the skin,1984,Males,60–64,223
Actual,Melanoma of the skin,1984,Males,65–69,225
Actual,Melanoma of the skin,1984,Males,70–74,196
Actual,Melanoma of the skin,1984,Males,75–79,120
Actual,Melanoma of the skin,1984,Males,80–84,54
Actual,Melanoma of the skin,1984,Males,85–89,24
Actual,Melanoma of the skin,1984,Males,90+,7
Actual,Melanoma of the skin,1985,Males,00–04,0
Actual,Melanoma of the skin,1985,Males,05–09,0
Actual,Melanoma of the skin,1985,Males,10–14,2
Actual,Melanoma of the skin,1985,Males,15–19,27
Actual,Melanoma of the skin,1985,Males,20–24,58
Actual,Melanoma of the skin,1985,Males,25–29,107
Actual,Melanoma of the skin,1985,Males,30–34,137
Actual,Melanoma of the skin,1985,Males,35–39,162
Actual,Melanoma of the skin,1985,Males,40–44,167
Actual,Melanoma of the skin,1985,Males,45–49,158
Actual,Melanoma of the skin,1985,Males,50–54,196
Actual,Melanoma of the skin,1985,Males,55–59,255
Actual,Melanoma of the skin,1985,Males,60–64,264
Actual,Melanoma of the skin,1985,Males,65–69,239
Actual,Melanoma of the skin,1985,Males,70–74,214
Actual,Melanoma of the skin,1985,Males,75–79,126
Actual,Melanoma of the skin,1985,Males,80–84,68
Actual,Melanoma of the skin,1985,Males,85–89,30
Actual,Melanoma of the skin,1985,Males,90+,8
Actual,Melanoma of the skin,1986,Males,00–04,1
Actual,Melanoma of the skin,1986,Males,05–09,0
Actual,Melanoma of the skin,1986,Males,10–14,7
Actual,Melanoma of the skin,1986,Males,15–19,40
Actual,Melanoma of the skin,1986,Males,20–24,61
Actual,Melanoma of the skin,1986,Males,25–29,102
Actual,Melanoma of the skin,1986,Males,30–34,157
Actual,Melanoma of the skin,1986,Males,35–39,186
Actual,Melanoma of the skin,1986,Males,40–44,190
Actual,Melanoma of the skin,1986,Males,45–49,185
Actual,Melanoma of the skin,1986,Males,50–54,196
Actual,Melanoma of the skin,1986,Males,55–59,257
Actual,Melanoma of the skin,1986,Males,60–64,284
Actual,Melanoma of the skin,1986,Males,65–69,256
Actual,Melanoma of the skin,1986,Males,70–74,219
Actual,Melanoma of the skin,1986,Males,75–79,149
Actual,Melanoma of the skin,1986,Males,80–84,77
Actual,Melanoma of the skin,1986,Males,85–89,24
Actual,Melanoma of the skin,1986,Males,90+,12
Actual,Melanoma of the skin,1987,Males,00–04,1
Actual,Melanoma of the skin,1987,Males,05–09,0
Actual,Melanoma of the skin,1987,Males,10–14,7
Actual,Melanoma of the skin,1987,Males,15–19,40
Actual,Melanoma of the skin,1987,Males,20–24,76
Actual,Melanoma of the skin,1987,Males,25–29,145
Actual,Melanoma of the skin,1987,Males,30–34,190
Actual,Melanoma of the skin,1987,Males,35–39,225
Actual,Melanoma of the skin,1987,Males,40–44,242
Actual,Melanoma of the skin,1987,Males,45–49,208
Actual,Melanoma of the skin,1987,Males,50–54,223
Actual,Melanoma of the skin,1987,Males,55–59,302
Actual,Melanoma of the skin,1987,Males,60–64,343
Actual,Melanoma of the skin,1987,Males,65–69,312
Actual,Melanoma of the skin,1987,Males,70–74,260
Actual,Melanoma of the skin,1987,Males,75–79,169
Actual,Melanoma of the skin,1987,Males,80–84,99
Actual,Melanoma of the skin,1987,Males,85–89,24
Actual,Melanoma of the skin,1987,Males,90+,10
Actual,Melanoma of the skin,1988,Males,00–04,0
Actual,Melanoma of the skin,1988,Males,05–09,0
Actual,Melanoma of the skin,1988,Males,10–14,4
Actual,Melanoma of the skin,1988,Males,15–19,56
Actual,Melanoma of the skin,1988,Males,20–24,90
Actual,Melanoma of the skin,1988,Males,25–29,162
Actual,Melanoma of the skin,1988,Males,30–34,188
Actual,Melanoma of the skin,1988,Males,35–39,228
Actual,Melanoma of the skin,1988,Males,40–44,265
Actual,Melanoma of the skin,1988,Males,45–49,256
Actual,Melanoma of the skin,1988,Males,50–54,286
Actual,Melanoma of the skin,1988,Males,55–59,311
Actual,Melanoma of the skin,1988,Males,60–64,352
Actual,Melanoma of the skin,1988,Males,65–69,345
Actual,Melanoma of the skin,1988,Males,70–74,281
Actual,Melanoma of the skin,1988,Males,75–79,202
Actual,Melanoma of the skin,1988,Males,80–84,96
Actual,Melanoma of the skin,1988,Males,85–89,60
Actual,Melanoma of the skin,1988,Males,90+,14
Actual,Melanoma of the skin,1989,Males,00–04,1
Actual,Melanoma of the skin,1989,Males,05–09,1
Actual,Melanoma of the skin,1989,Males,10–14,12
Actual,Melanoma of the skin,1989,Males,15–19,37
Actual,Melanoma of the skin,1989,Males,20–24,66
Actual,Melanoma of the skin,1989,Males,25–29,110
Actual,Melanoma of the skin,1989,Males,30–34,171
Actual,Melanoma of the skin,1989,Males,35–39,213
Actual,Melanoma of the skin,1989,Males,40–44,267
Actual,Melanoma of the skin,1989,Males,45–49,245
Actual,Melanoma of the skin,1989,Males,50–54,233
Actual,Melanoma of the skin,1989,Males,55–59,272
Actual,Melanoma of the skin,1989,Males,60–64,406
Actual,Melanoma of the skin,1989,Males,65–69,360
Actual,Melanoma of the skin,1989,Males,70–74,290
Actual,Melanoma of the skin,1989,Males,75–79,224
Actual,Melanoma of the skin,1989,Males,80–84,133
Actual,Melanoma of the skin,1989,Males,85–89,53
Actual,Melanoma of the skin,1989,Males,90+,15
Actual,Melanoma of the skin,1990,Males,00–04,1
Actual,Melanoma of the skin,1990,Males,05–09,1
Actual,Melanoma of the skin,1990,Males,10–14,4
Actual,Melanoma of the skin,1990,Males,15–19,47
Actual,Melanoma of the skin,1990,Males,20–24,64
Actual,Melanoma of the skin,1990,Males,25–29,116
Actual,Melanoma of the skin,1990,Males,30–34,172
Actual,Melanoma of the skin,1990,Males,35–39,194
Actual,Melanoma of the skin,1990,Males,40–44,271
Actual,Melanoma of the skin,1990,Males,45–49,247
Actual,Melanoma of the skin,1990,Males,50–54,283
Actual,Melanoma of the skin,1990,Males,55–59,271
Actual,Melanoma of the skin,1990,Males,60–64,363
Actual,Melanoma of the skin,1990,Males,65–69,348
Actual,Melanoma of the skin,1990,Males,70–74,322
Actual,Melanoma of the skin,1990,Males,75–79,236
Actual,Melanoma of the skin,1990,Males,80–84,135
Actual,Melanoma of the skin,1990,Males,85–89,60
Actual,Melanoma of the skin,1990,Males,90+,14
Actual,Melanoma of the skin,1991,Males,00–04,1
Actual,Melanoma of the skin,1991,Males,05–09,1
Actual,Melanoma of the skin,1991,Males,10–14,8
Actual,Melanoma of the skin,1991,Males,15–19,53
Actual,Melanoma of the skin,1991,Males,20–24,63
Actual,Melanoma of the skin,1991,Males,25–29,127
Actual,Melanoma of the skin,1991,Males,30–34,163
Actual,Melanoma of the skin,1991,Males,35–39,202
Actual,Melanoma of the skin,1991,Males,40–44,257
Actual,Melanoma of the skin,1991,Males,45–49,263
Actual,Melanoma of the skin,1991,Males,50–54,256
Actual,Melanoma of the skin,1991,Males,55–59,282
Actual,Melanoma of the skin,1991,Males,60–64,341
Actual,Melanoma of the skin,1991,Males,65–69,361
Actual,Melanoma of the skin,1991,Males,70–74,332
Actual,Melanoma of the skin,1991,Males,75–79,252
Actual,Melanoma of the skin,1991,Males,80–84,153
Actual,Melanoma of the skin,1991,Males,85–89,60
Actual,Melanoma of the skin,1991,Males,90+,11
Actual,Melanoma of the skin,1992,Males,00–04,1
Actual,Melanoma of the skin,1992,Males,05–09,1
Actual,Melanoma of the skin,1992,Males,10–14,5
Actual,Melanoma of the skin,1992,Males,15–19,39
Actual,Melanoma of the skin,1992,Males,20–24,91
Actual,Melanoma of the skin,1992,Males,25–29,115
Actual,Melanoma of the skin,1992,Males,30–34,151
Actual,Melanoma of the skin,1992,Males,35–39,221
Actual,Melanoma of the skin,1992,Males,40–44,281
Actual,Melanoma of the skin,1992,Males,45–49,288
Actual,Melanoma of the skin,1992,Males,50–54,276
Actual,Melanoma of the skin,1992,Males,55–59,317
Actual,Melanoma of the skin,1992,Males,60–64,431
Actual,Melanoma of the skin,1992,Males,65–69,440
Actual,Melanoma of the skin,1992,Males,70–74,365
Actual,Melanoma of the skin,1992,Males,75–79,305
Actual,Melanoma of the skin,1992,Males,80–84,173
Actual,Melanoma of the skin,1992,Males,85–89,60
Actual,Melanoma of the skin,1992,Males,90+,26
Actual,Melanoma of the skin,1993,Males,00–04,0
Actual,Melanoma of the skin,1993,Males,05–09,1
Actual,Melanoma of the skin,1993,Males,10–14,11
Actual,Melanoma of the skin,1993,Males,15–19,39
Actual,Melanoma of the skin,1993,Males,20–24,76
Actual,Melanoma of the skin,1993,Males,25–29,121
Actual,Melanoma of the skin,1993,Males,30–34,144
Actual,Melanoma of the skin,1993,Males,35–39,224
Actual,Melanoma of the skin,1993,Males,40–44,253
Actual,Melanoma of the skin,1993,Males,45–49,299
Actual,Melanoma of the skin,1993,Males,50–54,300
Actual,Melanoma of the skin,1993,Males,55–59,322
Actual,Melanoma of the skin,1993,Males,60–64,409
Actual,Melanoma of the skin,1993,Males,65–69,453
Actual,Melanoma of the skin,1993,Males,70–74,435
Actual,Melanoma of the skin,1993,Males,75–79,343
Actual,Melanoma of the skin,1993,Males,80–84,183
Actual,Melanoma of the skin,1993,Males,85–89,72
Actual,Melanoma of the skin,1993,Males,90+,28
Actual,Melanoma of the skin,1994,Males,00–04,0
Actual,Melanoma of the skin,1994,Males,05–09,0
Actual,Melanoma of the skin,1994,Males,10–14,10
Actual,Melanoma of the skin,1994,Males,15–19,34
Actual,Melanoma of the skin,1994,Males,20–24,89
Actual,Melanoma of the skin,1994,Males,25–29,134
Actual,Melanoma of the skin,1994,Males,30–34,172
Actual,Melanoma of the skin,1994,Males,35–39,228
Actual,Melanoma of the skin,1994,Males,40–44,271
Actual,Melanoma of the skin,1994,Males,45–49,337
Actual,Melanoma of the skin,1994,Males,50–54,353
Actual,Melanoma of the skin,1994,Males,55–59,346
Actual,Melanoma of the skin,1994,Males,60–64,390
Actual,Melanoma of the skin,1994,Males,65–69,432
Actual,Melanoma of the skin,1994,Males,70–74,406
Actual,Melanoma of the skin,1994,Males,75–79,324
Actual,Melanoma of the skin,1994,Males,80–84,201
Actual,Melanoma of the skin,1994,Males,85–89,82
Actual,Melanoma of the skin,1994,Males,90+,22
Actual,Melanoma of the skin,1995,Males,00–04,0
Actual,Melanoma of the skin,1995,Males,05–09,1
Actual,Melanoma of the skin,1995,Males,10–14,7
Actual,Melanoma of the skin,1995,Males,15–19,59
Actual,Melanoma of the skin,1995,Males,20–24,86
Actual,Melanoma of the skin,1995,Males,25–29,137
Actual,Melanoma of the skin,1995,Males,30–34,172
Actual,Melanoma of the skin,1995,Males,35–39,224
Actual,Melanoma of the skin,1995,Males,40–44,323
Actual,Melanoma of the skin,1995,Males,45–49,335
Actual,Melanoma of the skin,1995,Males,50–54,359
Actual,Melanoma of the skin,1995,Males,55–59,393
Actual,Melanoma of the skin,1995,Males,60–64,419
Actual,Melanoma of the skin,1995,Males,65–69,498
Actual,Melanoma of the skin,1995,Males,70–74,475
Actual,Melanoma of the skin,1995,Males,75–79,330
Actual,Melanoma of the skin,1995,Males,80–84,215
Actual,Melanoma of the skin,1995,Males,85–89,102
Actual,Melanoma of the skin,1995,Males,90+,26
Actual,Melanoma of the skin,1996,Males,00–04,1
Actual,Melanoma of the skin,1996,Males,05–09,2
Actual,Melanoma of the skin,1996,Males,10–14,8
Actual,Melanoma of the skin,1996,Males,15–19,55
Actual,Melanoma of the skin,1996,Males,20–24,69
Actual,Melanoma of the skin,1996,Males,25–29,154
Actual,Melanoma of the skin,1996,Males,30–34,158
Actual,Melanoma of the skin,1996,Males,35–39,229
Actual,Melanoma of the skin,1996,Males,40–44,308
Actual,Melanoma of the skin,1996,Males,45–49,380
Actual,Melanoma of the skin,1996,Males,50–54,392
Actual,Melanoma of the skin,1996,Males,55–59,376
Actual,Melanoma of the skin,1996,Males,60–64,405
Actual,Melanoma of the skin,1996,Males,65–69,505
Actual,Melanoma of the skin,1996,Males,70–74,507
Actual,Melanoma of the skin,1996,Males,75–79,406
Actual,Melanoma of the skin,1996,Males,80–84,253
Actual,Melanoma of the skin,1996,Males,85–89,111
Actual,Melanoma of the skin,1996,Males,90+,38
Actual,Melanoma of the skin,1997,Males,00–04,1
Actual,Melanoma of the skin,1997,Males,05–09,2
Actual,Melanoma of the skin,1997,Males,10–14,10
Actual,Melanoma of the skin,1997,Males,15–19,37
Actual,Melanoma of the skin,1997,Males,20–24,91
Actual,Melanoma of the skin,1997,Males,25–29,148
Actual,Melanoma of the skin,1997,Males,30–34,185
Actual,Melanoma of the skin,1997,Males,35–39,239
Actual,Melanoma of the skin,1997,Males,40–44,290
Actual,Melanoma of the skin,1997,Males,45–49,422
Actual,Melanoma of the skin,1997,Males,50–54,476
Actual,Melanoma of the skin,1997,Males,55–59,427
Actual,Melanoma of the skin,1997,Males,60–64,432
Actual,Melanoma of the skin,1997,Males,65–69,545
Actual,Melanoma of the skin,1997,Males,70–74,601
Actual,Melanoma of the skin,1997,Males,75–79,430
Actual,Melanoma of the skin,1997,Males,80–84,243
Actual,Melanoma of the skin,1997,Males,85–89,95
Actual,Melanoma of the skin,1997,Males,90+,27
Actual,Melanoma of the skin,1998,Males,00–04,0
Actual,Melanoma of the skin,1998,Males,05–09,1
Actual,Melanoma of the skin,1998,Males,10–14,6
Actual,Melanoma of the skin,1998,Males,15–19,28
Actual,Melanoma of the skin,1998,Males,20–24,60
Actual,Melanoma of the skin,1998,Males,25–29,120
Actual,Melanoma of the skin,1998,Males,30–34,160
Actual,Melanoma of the skin,1998,Males,35–39,233
Actual,Melanoma of the skin,1998,Males,40–44,262
Actual,Melanoma of the skin,1998,Males,45–49,402
Actual,Melanoma of the skin,1998,Males,50–54,465
Actual,Melanoma of the skin,1998,Males,55–59,445
Actual,Melanoma of the skin,1998,Males,60–64,429
Actual,Melanoma of the skin,1998,Males,65–69,503
Actual,Melanoma of the skin,1998,Males,70–74,515
Actual,Melanoma of the skin,1998,Males,75–79,461
Actual,Melanoma of the skin,1998,Males,80–84,244
Actual,Melanoma of the skin,1998,Males,85–89,114
Actual,Melanoma of the skin,1998,Males,90+,34
Actual,Melanoma of the skin,1999,Males,00–04,0
Actual,Melanoma of the skin,1999,Males,05–09,2
Actual,Melanoma of the skin,1999,Males,10–14,2
Actual,Melanoma of the skin,1999,Males,15–19,44
Actual,Melanoma of the skin,1999,Males,20–24,69
Actual,Melanoma of the skin,1999,Males,25–29,125
Actual,Melanoma of the skin,1999,Males,30–34,173
Actual,Melanoma of the skin,1999,Males,35–39,244
Actual,Melanoma of the skin,1999,Males,40–44,295
Actual,Melanoma of the skin,1999,Males,45–49,400
Actual,Melanoma of the skin,1999,Males,50–54,445
Actual,Melanoma of the skin,1999,Males,55–59,449
Actual,Melanoma of the skin,1999,Males,60–64,476
Actual,Melanoma of the skin,1999,Males,65–69,498
Actual,Melanoma of the skin,1999,Males,70–74,579
Actual,Melanoma of the skin,1999,Males,75–79,474
Actual,Melanoma of the skin,1999,Males,80–84,289
Actual,Melanoma of the skin,1999,Males,85–89,121
Actual,Melanoma of the skin,1999,Males,90+,44
Actual,Melanoma of the skin,2000,Males,00–04,0
Actual,Melanoma of the skin,2000,Males,05–09,0
Actual,Melanoma of the skin,2000,Males,10–14,5
Actual,Melanoma of the skin,2000,Males,15–19,34
Actual,Melanoma of the skin,2000,Males,20–24,70
Actual,Melanoma of the skin,2000,Males,25–29,131
Actual,Melanoma of the skin,2000,Males,30–34,165
Actual,Melanoma of the skin,2000,Males,35–39,229
Actual,Melanoma of the skin,2000,Males,40–44,326
Actual,Melanoma of the skin,2000,Males,45–49,401
Actual,Melanoma of the skin,2000,Males,50–54,471
Actual,Melanoma of the skin,2000,Males,55–59,488
Actual,Melanoma of the skin,2000,Males,60–64,487
Actual,Melanoma of the skin,2000,Males,65–69,491
Actual,Melanoma of the skin,2000,Males,70–74,621
Actual,Melanoma of the skin,2000,Males,75–79,491
Actual,Melanoma of the skin,2000,Males,80–84,296
Actual,Melanoma of the skin,2000,Males,85–89,133
Actual,Melanoma of the skin,2000,Males,90+,54
Actual,Melanoma of the skin,2001,Males,00–04,0
Actual,Melanoma of the skin,2001,Males,05–09,0
Actual,Melanoma of the skin,2001,Males,10–14,7
Actual,Melanoma of the skin,2001,Males,15–19,42
Actual,Melanoma of the skin,2001,Males,20–24,54
Actual,Melanoma of the skin,2001,Males,25–29,135
Actual,Melanoma of the skin,2001,Males,30–34,162
Actual,Melanoma of the skin,2001,Males,35–39,238
Actual,Melanoma of the skin,2001,Males,40–44,297
Actual,Melanoma of the skin,2001,Males,45–49,406
Actual,Melanoma of the skin,2001,Males,50–54,514
Actual,Melanoma of the skin,2001,Males,55–59,534
Actual,Melanoma of the skin,2001,Males,60–64,476
Actual,Melanoma of the skin,2001,Males,65–69,543
Actual,Melanoma of the skin,2001,Males,70–74,592
Actual,Melanoma of the skin,2001,Males,75–79,565
Actual,Melanoma of the skin,2001,Males,80–84,329
Actual,Melanoma of the skin,2001,Males,85–89,148
Actual,Melanoma of the skin,2001,Males,90+,60
Actual,Melanoma of the skin,2002,Males,00–04,1
Actual,Melanoma of the skin,2002,Males,05–09,0
Actual,Melanoma of the skin,2002,Males,10–14,3
Actual,Melanoma of the skin,2002,Males,15–19,37
Actual,Melanoma of the skin,2002,Males,20–24,76
Actual,Melanoma of the skin,2002,Males,25–29,110
Actual,Melanoma of the skin,2002,Males,30–34,178
Actual,Melanoma of the skin,2002,Males,35–39,227
Actual,Melanoma of the skin,2002,Males,40–44,381
Actual,Melanoma of the skin,2002,Males,45–49,425
Actual,Melanoma of the skin,2002,Males,50–54,536
Actual,Melanoma of the skin,2002,Males,55–59,596
Actual,Melanoma of the skin,2002,Males,60–64,617
Actual,Melanoma of the skin,2002,Males,65–69,543
Actual,Melanoma of the skin,2002,Males,70–74,719
Actual,Melanoma of the skin,2002,Males,75–79,561
Actual,Melanoma of the skin,2002,Males,80–84,363
Actual,Melanoma of the skin,2002,Males,85–89,190
Actual,Melanoma of the skin,2002,Males,90+,57
Actual,Melanoma of the skin,2003,Males,00–04,1
Actual,Melanoma of the skin,2003,Males,05–09,0
Actual,Melanoma of the skin,2003,Males,10–14,4
Actual,Melanoma of the skin,2003,Males,15–19,33
Actual,Melanoma of the skin,2003,Males,20–24,56
Actual,Melanoma of the skin,2003,Males,25–29,110
Actual,Melanoma of the skin,2003,Males,30–34,167
Actual,Melanoma of the skin,2003,Males,35–39,232
Actual,Melanoma of the skin,2003,Males,40–44,313
Actual,Melanoma of the skin,2003,Males,45–49,399
Actual,Melanoma of the skin,2003,Males,50–54,542
Actual,Melanoma of the skin,2003,Males,55–59,698
Actual,Melanoma of the skin,2003,Males,60–64,535
Actual,Melanoma of the skin,2003,Males,65–69,543
Actual,Melanoma of the skin,2003,Males,70–74,629
Actual,Melanoma of the skin,2003,Males,75–79,653
Actual,Melanoma of the skin,2003,Males,80–84,406
Actual,Melanoma of the skin,2003,Males,85–89,196
Actual,Melanoma of the skin,2003,Males,90+,64
Actual,Melanoma of the skin,2004,Males,00–04,0
Actual,Melanoma of the skin,2004,Males,05–09,0
Actual,Melanoma of the skin,2004,Males,10–14,4
Actual,Melanoma of the skin,2004,Males,15–19,30
Actual,Melanoma of the skin,2004,Males,20–24,79
Actual,Melanoma of the skin,2004,Males,25–29,116
Actual,Melanoma of the skin,2004,Males,30–34,196
Actual,Melanoma of the skin,2004,Males,35–39,206
Actual,Melanoma of the skin,2004,Males,40–44,273
Actual,Melanoma of the skin,2004,Males,45–49,374
Actual,Melanoma of the skin,2004,Males,50–54,493
Actual,Melanoma of the skin,2004,Males,55–59,627
Actual,Melanoma of the skin,2004,Males,60–64,609
Actual,Melanoma of the skin,2004,Males,65–69,632
Actual,Melanoma of the skin,2004,Males,70–74,593
Actual,Melanoma of the skin,2004,Males,75–79,617
Actual,Melanoma of the skin,2004,Males,80–84,488
Actual,Melanoma of the skin,2004,Males,85–89,190
Actual,Melanoma of the skin,2004,Males,90+,78
Actual,Melanoma of the skin,2005,Males,00–04,1
Actual,Melanoma of the skin,2005,Males,05–09,2
Actual,Melanoma of the skin,2005,Males,10–14,2
Actual,Melanoma of the skin,2005,Males,15–19,32
Actual,Melanoma of the skin,2005,Males,20–24,58
Actual,Melanoma of the skin,2005,Males,25–29,122
Actual,Melanoma of the skin,2005,Males,30–34,172
Actual,Melanoma of the skin,2005,Males,35–39,226
Actual,Melanoma of the skin,2005,Males,40–44,315
Actual,Melanoma of the skin,2005,Males,45–49,442
Actual,Melanoma of the skin,2005,Males,50–54,526
Actual,Melanoma of the skin,2005,Males,55–59,707
Actual,Melanoma of the skin,2005,Males,60–64,659
Actual,Melanoma of the skin,2005,Males,65–69,676
Actual,Melanoma of the skin,2005,Males,70–74,665
Actual,Melanoma of the skin,2005,Males,75–79,693
Actual,Melanoma of the skin,2005,Males,80–84,508
Actual,Melanoma of the skin,2005,Males,85–89,242
Actual,Melanoma of the skin,2005,Males,90+,92
Actual,Melanoma of the skin,2006,Males,00–04,0
Actual,Melanoma of the skin,2006,Males,05–09,0
Actual,Melanoma of the skin,2006,Males,10–14,3
Actual,Melanoma of the skin,2006,Males,15–19,31
Actual,Melanoma of the skin,2006,Males,20–24,60
Actual,Melanoma of the skin,2006,Males,25–29,110
Actual,Melanoma of the skin,2006,Males,30–34,171
Actual,Melanoma of the skin,2006,Males,35–39,225
Actual,Melanoma of the skin,2006,Males,40–44,308
Actual,Melanoma of the skin,2006,Males,45–49,409
Actual,Melanoma of the skin,2006,Males,50–54,500
Actual,Melanoma of the skin,2006,Males,55–59,692
Actual,Melanoma of the skin,2006,Males,60–64,662
Actual,Melanoma of the skin,2006,Males,65–69,695
Actual,Melanoma of the skin,2006,Males,70–74,694
Actual,Melanoma of the skin,2006,Males,75–79,728
Actual,Melanoma of the skin,2006,Males,80–84,478
Actual,Melanoma of the skin,2006,Males,85–89,242
Actual,Melanoma of the skin,2006,Males,90+,103
Actual,Melanoma of the skin,2007,Males,00–04,0
Actual,Melanoma of the skin,2007,Males,05–09,0
Actual,Melanoma of the skin,2007,Males,10–14,3
Actual,Melanoma of the skin,2007,Males,15–19,17
Actual,Melanoma of the skin,2007,Males,20–24,56
Actual,Melanoma of the skin,2007,Males,25–29,86
Actual,Melanoma of the skin,2007,Males,30–34,156
Actual,Melanoma of the skin,2007,Males,35–39,191
Actual,Melanoma of the skin,2007,Males,40–44,243
Actual,Melanoma of the skin,2007,Males,45–49,402
Actual,Melanoma of the skin,2007,Males,50–54,528
Actual,Melanoma of the skin,2007,Males,55–59,676
Actual,Melanoma of the skin,2007,Males,60–64,737
Actual,Melanoma of the skin,2007,Males,65–69,708
Actual,Melanoma of the skin,2007,Males,70–74,681
Actual,Melanoma of the skin,2007,Males,75–79,646
Actual,Melanoma of the skin,2007,Males,80–84,541
Actual,Melanoma of the skin,2007,Males,85–89,271
Actual,Melanoma of the skin,2007,Males,90+,99
Actual,Melanoma of the skin,2008,Males,00–04,0
Actual,Melanoma of the skin,2008,Males,05–09,1
Actual,Melanoma of the skin,2008,Males,10–14,3
Actual,Melanoma of the skin,2008,Males,15–19,22
Actual,Melanoma of the skin,2008,Males,20–24,59
Actual,Melanoma of the skin,2008,Males,25–29,87
Actual,Melanoma of the skin,2008,Males,30–34,140
Actual,Melanoma of the skin,2008,Males,35–39,252
Actual,Melanoma of the skin,2008,Males,40–44,312
Actual,Melanoma of the skin,2008,Males,45–49,409
Actual,Melanoma of the skin,2008,Males,50–54,568
Actual,Melanoma of the skin,2008,Males,55–59,668
Actual,Melanoma of the skin,2008,Males,60–64,801
Actual,Melanoma of the skin,2008,Males,65–69,775
Actual,Melanoma of the skin,2008,Males,70–74,660
Actual,Melanoma of the skin,2008,Males,75–79,689
Actual,Melanoma of the skin,2008,Males,80–84,651
Actual,Melanoma of the skin,2008,Males,85–89,318
Actual,Melanoma of the skin,2008,Males,90+,110
Actual,Melanoma of the skin,2009,Males,00–04,1
Actual,Melanoma of the skin,2009,Males,05–09,0
Actual,Melanoma of the skin,2009,Males,10–14,9
Actual,Melanoma of the skin,2009,Males,15–19,27
Actual,Melanoma of the skin,2009,Males,20–24,48
Actual,Melanoma of the skin,2009,Males,25–29,100
Actual,Melanoma of the skin,2009,Males,30–34,150
Actual,Melanoma of the skin,2009,Males,35–39,255
Actual,Melanoma of the skin,2009,Males,40–44,296
Actual,Melanoma of the skin,2009,Males,45–49,386
Actual,Melanoma of the skin,2009,Males,50–54,555
Actual,Melanoma of the skin,2009,Males,55–59,692
Actual,Melanoma of the skin,2009,Males,60–64,809
Actual,Melanoma of the skin,2009,Males,65–69,758
Actual,Melanoma of the skin,2009,Males,70–74,793
Actual,Melanoma of the skin,2009,Males,75–79,713
Actual,Melanoma of the skin,2009,Males,80–84,570
Actual,Melanoma of the skin,2009,Males,85–89,333
Actual,Melanoma of the skin,2009,Males,90+,110
Actual,Melanoma of the skin,2010,Males,00–04,1
Actual,Melanoma of the skin,2010,Males,05–09,0
Actual,Melanoma of the skin,2010,Males,10–14,2
Actual,Melanoma of the skin,2010,Males,15–19,18
Actual,Melanoma of the skin,2010,Males,20–24,29
Actual,Melanoma of the skin,2010,Males,25–29,104
Actual,Melanoma of the skin,2010,Males,30–34,155
Actual,Melanoma of the skin,2010,Males,35–39,215
Actual,Melanoma of the skin,2010,Males,40–44,300
Actual,Melanoma of the skin,2010,Males,45–49,380
Actual,Melanoma of the skin,2010,Males,50–54,556
Actual,Melanoma of the skin,2010,Males,55–59,684
Actual,Melanoma of the skin,2010,Males,60–64,870
Actual,Melanoma of the skin,2010,Males,65–69,816
Actual,Melanoma of the skin,2010,Males,70–74,815
Actual,Melanoma of the skin,2010,Males,75–79,737
Actual,Melanoma of the skin,2010,Males,80–84,644
Actual,Melanoma of the skin,2010,Males,85–89,344
Actual,Melanoma of the skin,2010,Males,90+,137
Actual,Melanoma of the skin,2011,Males,00–04,1
Actual,Melanoma of the skin,2011,Males,05–09,1
Actual,Melanoma of the skin,2011,Males,10–14,5
Actual,Melanoma of the skin,2011,Males,15–19,18
Actual,Melanoma of the skin,2011,Males,20–24,45
Actual,Melanoma of the skin,2011,Males,25–29,99
Actual,Melanoma of the skin,2011,Males,30–34,141
Actual,Melanoma of the skin,2011,Males,35–39,194
Actual,Melanoma of the skin,2011,Males,40–44,315
Actual,Melanoma of the skin,2011,Males,45–49,388
Actual,Melanoma of the skin,2011,Males,50–54,516
Actual,Melanoma of the skin,2011,Males,55–59,690
Actual,Melanoma of the skin,2011,Males,60–64,964
Actual,Melanoma of the skin,2011,Males,65–69,866
Actual,Melanoma of the skin,2011,Males,70–74,821
Actual,Melanoma of the skin,2011,Males,75–79,651
Actual,Melanoma of the skin,2011,Males,80–84,601
Actual,Melanoma of the skin,2011,Males,85–89,355
Actual,Melanoma of the skin,2011,Males,90+,141
Actual,Melanoma of the skin,2012,Males,00–04,1
Actual,Melanoma of the skin,2012,Males,05–09,0
Actual,Melanoma of the skin,2012,Males,10–14,1
Actual,Melanoma of the skin,2012,Males,15–19,16
Actual,Melanoma of the skin,2012,Males,20–24,51
Actual,Melanoma of the skin,2012,Males,25–29,99
Actual,Melanoma of the skin,2012,Males,30–34,152
Actual,Melanoma of the skin,2012,Males,35–39,202
Actual,Melanoma of the skin,2012,Males,40–44,312
Actual,Melanoma of the skin,2012,Males,45–49,380
Actual,Melanoma of the skin,2012,Males,50–54,592
Actual,Melanoma of the skin,2012,Males,55–59,700
Actual,Melanoma of the skin,2012,Males,60–64,888
Actual,Melanoma of the skin,2012,Males,65–69,976
Actual,Melanoma of the skin,2012,Males,70–74,901
Actual,Melanoma of the skin,2012,Males,75–79,742
Actual,Melanoma of the skin,2012,Males,80–84,587
Actual,Melanoma of the skin,2012,Males,85–89,403
Actual,Melanoma of the skin,2012,Males,90+,163
Actual,Melanoma of the skin,2013,Males,00–04,2
Actual,Melanoma of the skin,2013,Males,05–09,1
Actual,Melanoma of the skin,2013,Males,10–14,2
Actual,Melanoma of the skin,2013,Males,15–19,13
Actual,Melanoma of the skin,2013,Males,20–24,45
Actual,Melanoma of the skin,2013,Males,25–29,92
Actual,Melanoma of the skin,2013,Males,30–34,135
Actual,Melanoma of the skin,2013,Males,35–39,211
Actual,Melanoma of the skin,2013,Males,40–44,302
Actual,Melanoma of the skin,2013,Males,45–49,404
Actual,Melanoma of the skin,2013,Males,50–54,566
Actual,Melanoma of the skin,2013,Males,55–59,696
Actual,Melanoma of the skin,2013,Males,60–64,957
Actual,Melanoma of the skin,2013,Males,65–69,1075
Actual,Melanoma of the skin,2013,Males,70–74,954
Actual,Melanoma of the skin,2013,Males,75–79,816
Actual,Melanoma of the skin,2013,Males,80–84,676
Actual,Melanoma of the skin,2013,Males,85–89,409
Actual,Melanoma of the skin,2013,Males,90+,182
Actual,Melanoma of the skin,2014,Males,00–04,0
Actual,Melanoma of the skin,2014,Males,05–09,0
Actual,Melanoma of the skin,2014,Males,10–14,1
Actual,Melanoma of the skin,2014,Males,15–19,17
Actual,Melanoma of the skin,2014,Males,20–24,45
Actual,Melanoma of the skin,2014,Males,25–29,86
Actual,Melanoma of the skin,2014,Males,30–34,136
Actual,Melanoma of the skin,2014,Males,35–39,204
Actual,Melanoma of the skin,2014,Males,40–44,323
Actual,Melanoma of the skin,2014,Males,45–49,392
Actual,Melanoma of the skin,2014,Males,50–54,604
Actual,Melanoma of the skin,2014,Males,55–59,690
Actual,Melanoma of the skin,2014,Males,60–64,894
Actual,Melanoma of the skin,2014,Males,65–69,1135
Actual,Melanoma of the skin,2014,Males,70–74,932
Actual,Melanoma of the skin,2014,Males,75–79,866
Actual,Melanoma of the skin,2014,Males,80–84,736
Actual,Melanoma of the skin,2014,Males,85–89,461
Actual,Melanoma of the skin,2014,Males,90+,203
Actual,Melanoma of the skin,2015,Males,00–04,0
Actual,Melanoma of the skin,2015,Males,05–09,0
Actual,Melanoma of the skin,2015,Males,10–14,1
Actual,Melanoma of the skin,2015,Males,15–19,10
Actual,Melanoma of the skin,2015,Males,20–24,44
Actual,Melanoma of the skin,2015,Males,25–29,82
Actual,Melanoma of the skin,2015,Males,30–34,138
Actual,Melanoma of the skin,2015,Males,35–39,189
Actual,Melanoma of the skin,2015,Males,40–44,325
Actual,Melanoma of the skin,2015,Males,45–49,446
Actual,Melanoma of the skin,2015,Males,50–54,592
Actual,Melanoma of the skin,2015,Males,55–59,748
Actual,Melanoma of the skin,2015,Males,60–64,966
Actual,Melanoma of the skin,2015,Males,65–69,1146
Actual,Melanoma of the skin,2015,Males,70–74,1122
Actual,Melanoma of the skin,2015,Males,75–79,922
Actual,Melanoma of the skin,2015,Males,80–84,638
Actual,Melanoma of the skin,2015,Males,85–89,454
Actual,Melanoma of the skin,2015,Males,90+,205
Actual,Melanoma of the skin,2016,Males,00–04,1
Actual,Melanoma of the skin,2016,Males,05–09,0
Actual,Melanoma of the skin,2016,Males,10–14,4
Actual,Melanoma of the skin,2016,Males,15–19,13
Actual,Melanoma of the skin,2016,Males,20–24,36
Actual,Melanoma of the skin,2016,Males,25–29,88
Actual,Melanoma of the skin,2016,Males,30–34,163
Actual,Melanoma of the skin,2016,Males,35–39,217
Actual,Melanoma of the skin,2016,Males,40–44,348
Actual,Melanoma of the skin,2016,Males,45–49,477
Actual,Melanoma of the skin,2016,Males,50–54,590
Actual,Melanoma of the skin,2016,Males,55–59,849
Actual,Melanoma of the skin,2016,Males,60–64,984
Actual,Melanoma of the skin,2016,Males,65–69,1217
Actual,Melanoma of the skin,2016,Males,70–74,1140
Actual,Melanoma of the skin,2016,Males,75–79,927
Actual,Melanoma of the skin,2016,Males,80–84,723
Actual,Melanoma of the skin,2016,Males,85–89,479
Actual,Melanoma of the skin,2016,Males,90+,198
Actual,Melanoma of the skin,1982,Females,00–04,0
Actual,Melanoma of the skin,1982,Females,05–09,2
Actual,Melanoma of the skin,1982,Females,10–14,5
Actual,Melanoma of the skin,1982,Females,15–19,39
Actual,Melanoma of the skin,1982,Females,20–24,92
Actual,Melanoma of the skin,1982,Females,25–29,128
Actual,Melanoma of the skin,1982,Females,30–34,164
Actual,Melanoma of the skin,1982,Females,35–39,171
Actual,Melanoma of the skin,1982,Females,40–44,165
Actual,Melanoma of the skin,1982,Females,45–49,160
Actual,Melanoma of the skin,1982,Females,50–54,133
Actual,Melanoma of the skin,1982,Females,55–59,170
Actual,Melanoma of the skin,1982,Females,60–64,133
Actual,Melanoma of the skin,1982,Females,65–69,154
Actual,Melanoma of the skin,1982,Females,70–74,112
Actual,Melanoma of the skin,1982,Females,75–79,90
Actual,Melanoma of the skin,1982,Females,80–84,43
Actual,Melanoma of the skin,1982,Females,85–89,23
Actual,Melanoma of the skin,1982,Females,90+,15
Actual,Melanoma of the skin,1983,Females,00–04,0
Actual,Melanoma of the skin,1983,Females,05–09,0
Actual,Melanoma of the skin,1983,Females,10–14,6
Actual,Melanoma of the skin,1983,Females,15–19,34
Actual,Melanoma of the skin,1983,Females,20–24,99
Actual,Melanoma of the skin,1983,Females,25–29,160
Actual,Melanoma of the skin,1983,Females,30–34,188
Actual,Melanoma of the skin,1983,Females,35–39,190
Actual,Melanoma of the skin,1983,Females,40–44,172
Actual,Melanoma of the skin,1983,Females,45–49,171
Actual,Melanoma of the skin,1983,Females,50–54,147
Actual,Melanoma of the skin,1983,Females,55–59,173
Actual,Melanoma of the skin,1983,Females,60–64,151
Actual,Melanoma of the skin,1983,Females,65–69,173
Actual,Melanoma of the skin,1983,Females,70–74,132
Actual,Melanoma of the skin,1983,Females,75–79,83
Actual,Melanoma of the skin,1983,Females,80–84,56
Actual,Melanoma of the skin,1983,Females,85–89,29
Actual,Melanoma of the skin,1983,Females,90+,12
Actual,Melanoma of the skin,1984,Females,00–04,1
Actual,Melanoma of the skin,1984,Females,05–09,0
Actual,Melanoma of the skin,1984,Females,10–14,4
Actual,Melanoma of the skin,1984,Females,15–19,33
Actual,Melanoma of the skin,1984,Females,20–24,83
Actual,Melanoma of the skin,1984,Females,25–29,129
Actual,Melanoma of the skin,1984,Females,30–34,191
Actual,Melanoma of the skin,1984,Females,35–39,197
Actual,Melanoma of the skin,1984,Females,40–44,164
Actual,Melanoma of the skin,1984,Females,45–49,168
Actual,Melanoma of the skin,1984,Females,50–54,159
Actual,Melanoma of the skin,1984,Females,55–59,211
Actual,Melanoma of the skin,1984,Females,60–64,187
Actual,Melanoma of the skin,1984,Females,65–69,155
Actual,Melanoma of the skin,1984,Females,70–74,134
Actual,Melanoma of the skin,1984,Females,75–79,100
Actual,Melanoma of the skin,1984,Females,80–84,80
Actual,Melanoma of the skin,1984,Females,85–89,30
Actual,Melanoma of the skin,1984,Females,90+,23
Actual,Melanoma of the skin,1985,Females,00–04,0
Actual,Melanoma of the skin,1985,Females,05–09,1
Actual,Melanoma of the skin,1985,Females,10–14,9
Actual,Melanoma of the skin,1985,Females,15–19,32
Actual,Melanoma of the skin,1985,Females,20–24,101
Actual,Melanoma of the skin,1985,Females,25–29,159
Actual,Melanoma of the skin,1985,Females,30–34,199
Actual,Melanoma of the skin,1985,Females,35–39,248
Actual,Melanoma of the skin,1985,Females,40–44,212
Actual,Melanoma of the skin,1985,Females,45–49,175
Actual,Melanoma of the skin,1985,Females,50–54,188
Actual,Melanoma of the skin,1985,Females,55–59,179
Actual,Melanoma of the skin,1985,Females,60–64,195
Actual,Melanoma of the skin,1985,Females,65–69,186
Actual,Melanoma of the skin,1985,Females,70–74,158
Actual,Melanoma of the skin,1985,Females,75–79,113
Actual,Melanoma of the skin,1985,Females,80–84,71
Actual,Melanoma of the skin,1985,Females,85–89,35
Actual,Melanoma of the skin,1985,Females,90+,24
Actual,Melanoma of the skin,1986,Females,00–04,0
Actual,Melanoma of the skin,1986,Females,05–09,2
Actual,Melanoma of the skin,1986,Females,10–14,6
Actual,Melanoma of the skin,1986,Females,15–19,43
Actual,Melanoma of the skin,1986,Females,20–24,98
Actual,Melanoma of the skin,1986,Females,25–29,127
Actual,Melanoma of the skin,1986,Females,30–34,188
Actual,Melanoma of the skin,1986,Females,35–39,245
Actual,Melanoma of the skin,1986,Females,40–44,203
Actual,Melanoma of the skin,1986,Females,45–49,189
Actual,Melanoma of the skin,1986,Females,50–54,187
Actual,Melanoma of the skin,1986,Females,55–59,192
Actual,Melanoma of the skin,1986,Females,60–64,199
Actual,Melanoma of the skin,1986,Females,65–69,205
Actual,Melanoma of the skin,1986,Females,70–74,168
Actual,Melanoma of the skin,1986,Females,75–79,115
Actual,Melanoma of the skin,1986,Females,80–84,81
Actual,Melanoma of the skin,1986,Females,85–89,35
Actual,Melanoma of the skin,1986,Females,90+,24
Actual,Melanoma of the skin,1987,Females,00–04,1
Actual,Melanoma of the skin,1987,Females,05–09,1
Actual,Melanoma of the skin,1987,Females,10–14,3
Actual,Melanoma of the skin,1987,Females,15–19,50
Actual,Melanoma of the skin,1987,Females,20–24,105
Actual,Melanoma of the skin,1987,Females,25–29,187
Actual,Melanoma of the skin,1987,Females,30–34,216
Actual,Melanoma of the skin,1987,Females,35–39,262
Actual,Melanoma of the skin,1987,Females,40–44,260
Actual,Melanoma of the skin,1987,Females,45–49,208
Actual,Melanoma of the skin,1987,Females,50–54,200
Actual,Melanoma of the skin,1987,Females,55–59,228
Actual,Melanoma of the skin,1987,Females,60–64,236
Actual,Melanoma of the skin,1987,Females,65–69,207
Actual,Melanoma of the skin,1987,Females,70–74,199
Actual,Melanoma of the skin,1987,Females,75–79,154
Actual,Melanoma of the skin,1987,Females,80–84,91
Actual,Melanoma of the skin,1987,Females,85–89,56
Actual,Melanoma of the skin,1987,Females,90+,17
Actual,Melanoma of the skin,1988,Females,00–04,0
Actual,Melanoma of the skin,1988,Females,05–09,2
Actual,Melanoma of the skin,1988,Females,10–14,5
Actual,Melanoma of the skin,1988,Females,15–19,52
Actual,Melanoma of the skin,1988,Females,20–24,106
Actual,Melanoma of the skin,1988,Females,25–29,183
Actual,Melanoma of the skin,1988,Females,30–34,225
Actual,Melanoma of the skin,1988,Females,35–39,259
Actual,Melanoma of the skin,1988,Females,40–44,262
Actual,Melanoma of the skin,1988,Females,45–49,254
Actual,Melanoma of the skin,1988,Females,50–54,182
Actual,Melanoma of the skin,1988,Females,55–59,227
Actual,Melanoma of the skin,1988,Females,60–64,236
Actual,Melanoma of the skin,1988,Females,65–69,256
Actual,Melanoma of the skin,1988,Females,70–74,213
Actual,Melanoma of the skin,1988,Females,75–79,172
Actual,Melanoma of the skin,1988,Females,80–84,104
Actual,Melanoma of the skin,1988,Females,85–89,59
Actual,Melanoma of the skin,1988,Females,90+,20
Actual,Melanoma of the skin,1989,Females,00–04,0
Actual,Melanoma of the skin,1989,Females,05–09,0
Actual,Melanoma of the skin,1989,Females,10–14,7
Actual,Melanoma of the skin,1989,Females,15–19,46
Actual,Melanoma of the skin,1989,Females,20–24,110
Actual,Melanoma of the skin,1989,Females,25–29,150
Actual,Melanoma of the skin,1989,Females,30–34,182
Actual,Melanoma of the skin,1989,Females,35–39,238
Actual,Melanoma of the skin,1989,Females,40–44,253
Actual,Melanoma of the skin,1989,Females,45–49,230
Actual,Melanoma of the skin,1989,Females,50–54,194
Actual,Melanoma of the skin,1989,Females,55–59,197
Actual,Melanoma of the skin,1989,Females,60–64,228
Actual,Melanoma of the skin,1989,Females,65–69,257
Actual,Melanoma of the skin,1989,Females,70–74,191
Actual,Melanoma of the skin,1989,Females,75–79,166
Actual,Melanoma of the skin,1989,Females,80–84,105
Actual,Melanoma of the skin,1989,Females,85–89,36
Actual,Melanoma of the skin,1989,Females,90+,28
Actual,Melanoma of the skin,1990,Females,00–04,0
Actual,Melanoma of the skin,1990,Females,05–09,2
Actual,Melanoma of the skin,1990,Females,10–14,6
Actual,Melanoma of the skin,1990,Females,15–19,42
Actual,Melanoma of the skin,1990,Females,20–24,102
Actual,Melanoma of the skin,1990,Females,25–29,139
Actual,Melanoma of the skin,1990,Females,30–34,163
Actual,Melanoma of the skin,1990,Females,35–39,242
Actual,Melanoma of the skin,1990,Females,40–44,247
Actual,Melanoma of the skin,1990,Females,45–49,234
Actual,Melanoma of the skin,1990,Females,50–54,196
Actual,Melanoma of the skin,1990,Females,55–59,201
Actual,Melanoma of the skin,1990,Females,60–64,239
Actual,Melanoma of the skin,1990,Females,65–69,242
Actual,Melanoma of the skin,1990,Females,70–74,237
Actual,Melanoma of the skin,1990,Females,75–79,204
Actual,Melanoma of the skin,1990,Females,80–84,99
Actual,Melanoma of the skin,1990,Females,85–89,53
Actual,Melanoma of the skin,1990,Females,90+,34
Actual,Melanoma of the skin,1991,Females,00–04,0
Actual,Melanoma of the skin,1991,Females,05–09,1
Actual,Melanoma of the skin,1991,Females,10–14,15
Actual,Melanoma of the skin,1991,Females,15–19,58
Actual,Melanoma of the skin,1991,Females,20–24,96
Actual,Melanoma of the skin,1991,Females,25–29,137
Actual,Melanoma of the skin,1991,Females,30–34,202
Actual,Melanoma of the skin,1991,Females,35–39,243
Actual,Melanoma of the skin,1991,Females,40–44,257
Actual,Melanoma of the skin,1991,Females,45–49,225
Actual,Melanoma of the skin,1991,Females,50–54,224
Actual,Melanoma of the skin,1991,Females,55–59,217
Actual,Melanoma of the skin,1991,Females,60–64,241
Actual,Melanoma of the skin,1991,Females,65–69,241
Actual,Melanoma of the skin,1991,Females,70–74,200
Actual,Melanoma of the skin,1991,Females,75–79,211
Actual,Melanoma of the skin,1991,Females,80–84,133
Actual,Melanoma of the skin,1991,Females,85–89,57
Actual,Melanoma of the skin,1991,Females,90+,27
Actual,Melanoma of the skin,1992,Females,00–04,0
Actual,Melanoma of the skin,1992,Females,05–09,1
Actual,Melanoma of the skin,1992,Females,10–14,10
Actual,Melanoma of the skin,1992,Females,15–19,26
Actual,Melanoma of the skin,1992,Females,20–24,98
Actual,Melanoma of the skin,1992,Females,25–29,147
Actual,Melanoma of the skin,1992,Females,30–34,210
Actual,Melanoma of the skin,1992,Females,35–39,248
Actual,Melanoma of the skin,1992,Females,40–44,257
Actual,Melanoma of the skin,1992,Females,45–49,276
Actual,Melanoma of the skin,1992,Females,50–54,243
Actual,Melanoma of the skin,1992,Females,55–59,218
Actual,Melanoma of the skin,1992,Females,60–64,271
Actual,Melanoma of the skin,1992,Females,65–69,295
Actual,Melanoma of the skin,1992,Females,70–74,221
Actual,Melanoma of the skin,1992,Females,75–79,225
Actual,Melanoma of the skin,1992,Females,80–84,133
Actual,Melanoma of the skin,1992,Females,85–89,66
Actual,Melanoma of the skin,1992,Females,90+,34
Actual,Melanoma of the skin,1993,Females,00–04,0
Actual,Melanoma of the skin,1993,Females,05–09,0
Actual,Melanoma of the skin,1993,Females,10–14,13
Actual,Melanoma of the skin,1993,Females,15–19,46
Actual,Melanoma of the skin,1993,Females,20–24,82
Actual,Melanoma of the skin,1993,Females,25–29,132
Actual,Melanoma of the skin,1993,Females,30–34,217
Actual,Melanoma of the skin,1993,Females,35–39,244
Actual,Melanoma of the skin,1993,Females,40–44,289
Actual,Melanoma of the skin,1993,Females,45–49,281
Actual,Melanoma of the skin,1993,Females,50–54,267
Actual,Melanoma of the skin,1993,Females,55–59,192
Actual,Melanoma of the skin,1993,Females,60–64,268
Actual,Melanoma of the skin,1993,Females,65–69,305
Actual,Melanoma of the skin,1993,Females,70–74,269
Actual,Melanoma of the skin,1993,Females,75–79,184
Actual,Melanoma of the skin,1993,Females,80–84,153
Actual,Melanoma of the skin,1993,Females,85–89,75
Actual,Melanoma of the skin,1993,Females,90+,42
Actual,Melanoma of the skin,1994,Females,00–04,0
Actual,Melanoma of the skin,1994,Females,05–09,1
Actual,Melanoma of the skin,1994,Females,10–14,2
Actual,Melanoma of the skin,1994,Females,15–19,38
Actual,Melanoma of the skin,1994,Females,20–24,112
Actual,Melanoma of the skin,1994,Females,25–29,139
Actual,Melanoma of the skin,1994,Females,30–34,198
Actual,Melanoma of the skin,1994,Females,35–39,223
Actual,Melanoma of the skin,1994,Females,40–44,298
Actual,Melanoma of the skin,1994,Females,45–49,316
Actual,Melanoma of the skin,1994,Females,50–54,269
Actual,Melanoma of the skin,1994,Females,55–59,225
Actual,Melanoma of the skin,1994,Females,60–64,250
Actual,Melanoma of the skin,1994,Females,65–69,306
Actual,Melanoma of the skin,1994,Females,70–74,277
Actual,Melanoma of the skin,1994,Females,75–79,193
Actual,Melanoma of the skin,1994,Females,80–84,152
Actual,Melanoma of the skin,1994,Females,85–89,88
Actual,Melanoma of the skin,1994,Females,90+,30
Actual,Melanoma of the skin,1995,Females,00–04,1
Actual,Melanoma of the skin,1995,Females,05–09,1
Actual,Melanoma of the skin,1995,Females,10–14,5
Actual,Melanoma of the skin,1995,Females,15–19,44
Actual,Melanoma of the skin,1995,Females,20–24,120
Actual,Melanoma of the skin,1995,Females,25–29,176
Actual,Melanoma of the skin,1995,Females,30–34,274
Actual,Melanoma of the skin,1995,Females,35–39,269
Actual,Melanoma of the skin,1995,Females,40–44,274
Actual,Melanoma of the skin,1995,Females,45–49,329
Actual,Melanoma of the skin,1995,Females,50–54,270
Actual,Melanoma of the skin,1995,Females,55–59,237
Actual,Melanoma of the skin,1995,Females,60–64,256
Actual,Melanoma of the skin,1995,Females,65–69,284
Actual,Melanoma of the skin,1995,Females,70–74,266
Actual,Melanoma of the skin,1995,Females,75–79,225
Actual,Melanoma of the skin,1995,Females,80–84,166
Actual,Melanoma of the skin,1995,Females,85–89,94
Actual,Melanoma of the skin,1995,Females,90+,31
Actual,Melanoma of the skin,1996,Females,00–04,1
Actual,Melanoma of the skin,1996,Females,05–09,4
Actual,Melanoma of the skin,1996,Females,10–14,17
Actual,Melanoma of the skin,1996,Females,15–19,61
Actual,Melanoma of the skin,1996,Females,20–24,104
Actual,Melanoma of the skin,1996,Females,25–29,163
Actual,Melanoma of the skin,1996,Females,30–34,233
Actual,Melanoma of the skin,1996,Females,35–39,283
Actual,Melanoma of the skin,1996,Females,40–44,295
Actual,Melanoma of the skin,1996,Females,45–49,325
Actual,Melanoma of the skin,1996,Females,50–54,326
Actual,Melanoma of the skin,1996,Females,55–59,256
Actual,Melanoma of the skin,1996,Females,60–64,277
Actual,Melanoma of the skin,1996,Females,65–69,282
Actual,Melanoma of the skin,1996,Females,70–74,306
Actual,Melanoma of the skin,1996,Females,75–79,225
Actual,Melanoma of the skin,1996,Females,80–84,174
Actual,Melanoma of the skin,1996,Females,85–89,107
Actual,Melanoma of the skin,1996,Females,90+,41
Actual,Melanoma of the skin,1997,Females,00–04,0
Actual,Melanoma of the skin,1997,Females,05–09,0
Actual,Melanoma of the skin,1997,Females,10–14,7
Actual,Melanoma of the skin,1997,Females,15–19,63
Actual,Melanoma of the skin,1997,Females,20–24,116
Actual,Melanoma of the skin,1997,Females,25–29,178
Actual,Melanoma of the skin,1997,Females,30–34,231
Actual,Melanoma of the skin,1997,Females,35–39,291
Actual,Melanoma of the skin,1997,Females,40–44,343
Actual,Melanoma of the skin,1997,Females,45–49,349
Actual,Melanoma of the skin,1997,Females,50–54,376
Actual,Melanoma of the skin,1997,Females,55–59,294
Actual,Melanoma of the skin,1997,Females,60–64,271
Actual,Melanoma of the skin,1997,Females,65–69,307
Actual,Melanoma of the skin,1997,Females,70–74,311
Actual,Melanoma of the skin,1997,Females,75–79,270
Actual,Melanoma of the skin,1997,Females,80–84,177
Actual,Melanoma of the skin,1997,Females,85–89,119
Actual,Melanoma of the skin,1997,Females,90+,45
Actual,Melanoma of the skin,1998,Females,00–04,1
Actual,Melanoma of the skin,1998,Females,05–09,1
Actual,Melanoma of the skin,1998,Females,10–14,6
Actual,Melanoma of the skin,1998,Females,15–19,36
Actual,Melanoma of the skin,1998,Females,20–24,93
Actual,Melanoma of the skin,1998,Females,25–29,151
Actual,Melanoma of the skin,1998,Females,30–34,242
Actual,Melanoma of the skin,1998,Females,35–39,264
Actual,Melanoma of the skin,1998,Females,40–44,307
Actual,Melanoma of the skin,1998,Females,45–49,317
Actual,Melanoma of the skin,1998,Females,50–54,357
Actual,Melanoma of the skin,1998,Females,55–59,290
Actual,Melanoma of the skin,1998,Females,60–64,295
Actual,Melanoma of the skin,1998,Females,65–69,274
Actual,Melanoma of the skin,1998,Females,70–74,267
Actual,Melanoma of the skin,1998,Females,75–79,267
Actual,Melanoma of the skin,1998,Females,80–84,179
Actual,Melanoma of the skin,1998,Females,85–89,129
Actual,Melanoma of the skin,1998,Females,90+,41
Actual,Melanoma of the skin,1999,Females,00–04,1
Actual,Melanoma of the skin,1999,Females,05–09,2
Actual,Melanoma of the skin,1999,Females,10–14,7
Actual,Melanoma of the skin,1999,Females,15–19,34
Actual,Melanoma of the skin,1999,Females,20–24,119
Actual,Melanoma of the skin,1999,Females,25–29,148
Actual,Melanoma of the skin,1999,Females,30–34,208
Actual,Melanoma of the skin,1999,Females,35–39,279
Actual,Melanoma of the skin,1999,Females,40–44,299
Actual,Melanoma of the skin,1999,Females,45–49,388
Actual,Melanoma of the skin,1999,Females,50–54,379
Actual,Melanoma of the skin,1999,Females,55–59,296
Actual,Melanoma of the skin,1999,Females,60–64,256
Actual,Melanoma of the skin,1999,Females,65–69,290
Actual,Melanoma of the skin,1999,Females,70–74,302
Actual,Melanoma of the skin,1999,Females,75–79,274
Actual,Melanoma of the skin,1999,Females,80–84,209
Actual,Melanoma of the skin,1999,Females,85–89,112
Actual,Melanoma of the skin,1999,Females,90+,59
Actual,Melanoma of the skin,2000,Females,00–04,0
Actual,Melanoma of the skin,2000,Females,05–09,1
Actual,Melanoma of the skin,2000,Females,10–14,5
Actual,Melanoma of the skin,2000,Females,15–19,38
Actual,Melanoma of the skin,2000,Females,20–24,93
Actual,Melanoma of the skin,2000,Females,25–29,151
Actual,Melanoma of the skin,2000,Females,30–34,219
Actual,Melanoma of the skin,2000,Females,35–39,302
Actual,Melanoma of the skin,2000,Females,40–44,315
Actual,Melanoma of the skin,2000,Females,45–49,356
Actual,Melanoma of the skin,2000,Females,50–54,371
Actual,Melanoma of the skin,2000,Females,55–59,313
Actual,Melanoma of the skin,2000,Females,60–64,283
Actual,Melanoma of the skin,2000,Females,65–69,306
Actual,Melanoma of the skin,2000,Females,70–74,327
Actual,Melanoma of the skin,2000,Females,75–79,341
Actual,Melanoma of the skin,2000,Females,80–84,206
Actual,Melanoma of the skin,2000,Females,85–89,135
Actual,Melanoma of the skin,2000,Females,90+,67
Actual,Melanoma of the skin,2001,Females,00–04,1
Actual,Melanoma of the skin,2001,Females,05–09,5
Actual,Melanoma of the skin,2001,Females,10–14,7
Actual,Melanoma of the skin,2001,Females,15–19,41
Actual,Melanoma of the skin,2001,Females,20–24,79
Actual,Melanoma of the skin,2001,Females,25–29,145
Actual,Melanoma of the skin,2001,Females,30–34,218
Actual,Melanoma of the skin,2001,Females,35–39,279
Actual,Melanoma of the skin,2001,Females,40–44,350
Actual,Melanoma of the skin,2001,Females,45–49,350
Actual,Melanoma of the skin,2001,Females,50–54,418
Actual,Melanoma of the skin,2001,Females,55–59,330
Actual,Melanoma of the skin,2001,Females,60–64,318
Actual,Melanoma of the skin,2001,Females,65–69,304
Actual,Melanoma of the skin,2001,Females,70–74,345
Actual,Melanoma of the skin,2001,Females,75–79,308
Actual,Melanoma of the skin,2001,Females,80–84,216
Actual,Melanoma of the skin,2001,Females,85–89,133
Actual,Melanoma of the skin,2001,Females,90+,52
Actual,Melanoma of the skin,2002,Females,00–04,1
Actual,Melanoma of the skin,2002,Females,05–09,4
Actual,Melanoma of the skin,2002,Females,10–14,10
Actual,Melanoma of the skin,2002,Females,15–19,42
Actual,Melanoma of the skin,2002,Females,20–24,93
Actual,Melanoma of the skin,2002,Females,25–29,146
Actual,Melanoma of the skin,2002,Females,30–34,220
Actual,Melanoma of the skin,2002,Females,35–39,253
Actual,Melanoma of the skin,2002,Females,40–44,325
Actual,Melanoma of the skin,2002,Females,45–49,401
Actual,Melanoma of the skin,2002,Females,50–54,434
Actual,Melanoma of the skin,2002,Females,55–59,424
Actual,Melanoma of the skin,2002,Females,60–64,379
Actual,Melanoma of the skin,2002,Females,65–69,331
Actual,Melanoma of the skin,2002,Females,70–74,345
Actual,Melanoma of the skin,2002,Females,75–79,321
Actual,Melanoma of the skin,2002,Females,80–84,273
Actual,Melanoma of the skin,2002,Females,85–89,164
Actual,Melanoma of the skin,2002,Females,90+,71
Actual,Melanoma of the skin,2003,Females,00–04,0
Actual,Melanoma of the skin,2003,Females,05–09,2
Actual,Melanoma of the skin,2003,Females,10–14,5
Actual,Melanoma of the skin,2003,Females,15–19,31
Actual,Melanoma of the skin,2003,Females,20–24,95
Actual,Melanoma of the skin,2003,Females,25–29,123
Actual,Melanoma of the skin,2003,Females,30–34,211
Actual,Melanoma of the skin,2003,Females,35–39,261
Actual,Melanoma of the skin,2003,Females,40–44,330
Actual,Melanoma of the skin,2003,Females,45–49,370
Actual,Melanoma of the skin,2003,Females,50–54,398
Actual,Melanoma of the skin,2003,Females,55–59,405
Actual,Melanoma of the skin,2003,Females,60–64,333
Actual,Melanoma of the skin,2003,Females,65–69,343
Actual,Melanoma of the skin,2003,Females,70–74,332
Actual,Melanoma of the skin,2003,Females,75–79,300
Actual,Melanoma of the skin,2003,Females,80–84,252
Actual,Melanoma of the skin,2003,Females,85–89,169
Actual,Melanoma of the skin,2003,Females,90+,70
Actual,Melanoma of the skin,2004,Females,00–04,0
Actual,Melanoma of the skin,2004,Females,05–09,0
Actual,Melanoma of the skin,2004,Females,10–14,5
Actual,Melanoma of the skin,2004,Females,15–19,34
Actual,Melanoma of the skin,2004,Females,20–24,91
Actual,Melanoma of the skin,2004,Females,25–29,137
Actual,Melanoma of the skin,2004,Females,30–34,217
Actual,Melanoma of the skin,2004,Females,35–39,235
Actual,Melanoma of the skin,2004,Females,40–44,313
Actual,Melanoma of the skin,2004,Females,45–49,416
Actual,Melanoma of the skin,2004,Females,50–54,420
Actual,Melanoma of the skin,2004,Females,55–59,458
Actual,Melanoma of the skin,2004,Females,60–64,401
Actual,Melanoma of the skin,2004,Females,65–69,368
Actual,Melanoma of the skin,2004,Females,70–74,319
Actual,Melanoma of the skin,2004,Females,75–79,353
Actual,Melanoma of the skin,2004,Females,80–84,254
Actual,Melanoma of the skin,2004,Females,85–89,168
Actual,Melanoma of the skin,2004,Females,90+,83
Actual,Melanoma of the skin,2005,Females,00–04,0
Actual,Melanoma of the skin,2005,Females,05–09,1
Actual,Melanoma of the skin,2005,Females,10–14,4
Actual,Melanoma of the skin,2005,Females,15–19,28
Actual,Melanoma of the skin,2005,Females,20–24,77
Actual,Melanoma of the skin,2005,Females,25–29,168
Actual,Melanoma of the skin,2005,Females,30–34,238
Actual,Melanoma of the skin,2005,Females,35–39,256
Actual,Melanoma of the skin,2005,Females,40–44,376
Actual,Melanoma of the skin,2005,Females,45–49,425
Actual,Melanoma of the skin,2005,Females,50–54,443
Actual,Melanoma of the skin,2005,Females,55–59,466
Actual,Melanoma of the skin,2005,Females,60–64,442
Actual,Melanoma of the skin,2005,Females,65–69,431
Actual,Melanoma of the skin,2005,Females,70–74,364
Actual,Melanoma of the skin,2005,Females,75–79,371
Actual,Melanoma of the skin,2005,Females,80–84,326
Actual,Melanoma of the skin,2005,Females,85–89,166
Actual,Melanoma of the skin,2005,Females,90+,111
Actual,Melanoma of the skin,2006,Females,00–04,0
Actual,Melanoma of the skin,2006,Females,05–09,0
Actual,Melanoma of the skin,2006,Females,10–14,3
Actual,Melanoma of the skin,2006,Females,15–19,27
Actual,Melanoma of the skin,2006,Females,20–24,79
Actual,Melanoma of the skin,2006,Females,25–29,140
Actual,Melanoma of the skin,2006,Females,30–34,210
Actual,Melanoma of the skin,2006,Females,35–39,244
Actual,Melanoma of the skin,2006,Females,40–44,301
Actual,Melanoma of the skin,2006,Females,45–49,372
Actual,Melanoma of the skin,2006,Females,50–54,393
Actual,Melanoma of the skin,2006,Females,55–59,448
Actual,Melanoma of the skin,2006,Females,60–64,369
Actual,Melanoma of the skin,2006,Females,65–69,380
Actual,Melanoma of the skin,2006,Females,70–74,350
Actual,Melanoma of the skin,2006,Females,75–79,399
Actual,Melanoma of the skin,2006,Females,80–84,300
Actual,Melanoma of the skin,2006,Females,85–89,184
Actual,Melanoma of the skin,2006,Females,90+,122
Actual,Melanoma of the skin,2007,Females,00–04,0
Actual,Melanoma of the skin,2007,Females,05–09,1
Actual,Melanoma of the skin,2007,Females,10–14,4
Actual,Melanoma of the skin,2007,Females,15–19,20
Actual,Melanoma of the skin,2007,Females,20–24,83
Actual,Melanoma of the skin,2007,Females,25–29,117
Actual,Melanoma of the skin,2007,Females,30–34,183
Actual,Melanoma of the skin,2007,Females,35–39,288
Actual,Melanoma of the skin,2007,Females,40–44,331
Actual,Melanoma of the skin,2007,Females,45–49,420
Actual,Melanoma of the skin,2007,Females,50–54,402
Actual,Melanoma of the skin,2007,Females,55–59,450
Actual,Melanoma of the skin,2007,Females,60–64,426
Actual,Melanoma of the skin,2007,Females,65–69,364
Actual,Melanoma of the skin,2007,Females,70–74,344
Actual,Melanoma of the skin,2007,Females,75–79,361
Actual,Melanoma of the skin,2007,Females,80–84,331
Actual,Melanoma of the skin,2007,Females,85–89,186
Actual,Melanoma of the skin,2007,Females,90+,100
Actual,Melanoma of the skin,2008,Females,00–04,0
Actual,Melanoma of the skin,2008,Females,05–09,1
Actual,Melanoma of the skin,2008,Females,10–14,2
Actual,Melanoma of the skin,2008,Females,15–19,19
Actual,Melanoma of the skin,2008,Females,20–24,80
Actual,Melanoma of the skin,2008,Females,25–29,120
Actual,Melanoma of the skin,2008,Females,30–34,187
Actual,Melanoma of the skin,2008,Females,35–39,280
Actual,Melanoma of the skin,2008,Females,40–44,318
Actual,Melanoma of the skin,2008,Females,45–49,404
Actual,Melanoma of the skin,2008,Females,50–54,458
Actual,Melanoma of the skin,2008,Females,55–59,498
Actual,Melanoma of the skin,2008,Females,60–64,487
Actual,Melanoma of the skin,2008,Females,65–69,406
Actual,Melanoma of the skin,2008,Females,70–74,374
Actual,Melanoma of the skin,2008,Females,75–79,345
Actual,Melanoma of the skin,2008,Females,80–84,325
Actual,Melanoma of the skin,2008,Females,85–89,190
Actual,Melanoma of the skin,2008,Females,90+,110
Actual,Melanoma of the skin,2009,Females,00–04,0
Actual,Melanoma of the skin,2009,Females,05–09,1
Actual,Melanoma of the skin,2009,Females,10–14,3
Actual,Melanoma of the skin,2009,Females,15–19,28
Actual,Melanoma of the skin,2009,Females,20–24,76
Actual,Melanoma of the skin,2009,Females,25–29,124
Actual,Melanoma of the skin,2009,Females,30–34,176
Actual,Melanoma of the skin,2009,Females,35–39,256
Actual,Melanoma of the skin,2009,Females,40–44,317
Actual,Melanoma of the skin,2009,Females,45–49,414
Actual,Melanoma of the skin,2009,Females,50–54,422
Actual,Melanoma of the skin,2009,Females,55–59,473
Actual,Melanoma of the skin,2009,Females,60–64,513
Actual,Melanoma of the skin,2009,Females,65–69,411
Actual,Melanoma of the skin,2009,Females,70–74,402
Actual,Melanoma of the skin,2009,Females,75–79,401
Actual,Melanoma of the skin,2009,Females,80–84,347
Actual,Melanoma of the skin,2009,Females,85–89,230
Actual,Melanoma of the skin,2009,Females,90+,116
Actual,Melanoma of the skin,2010,Females,00–04,1
Actual,Melanoma of the skin,2010,Females,05–09,2
Actual,Melanoma of the skin,2010,Females,10–14,3
Actual,Melanoma of the skin,2010,Females,15–19,13
Actual,Melanoma of the skin,2010,Females,20–24,61
Actual,Melanoma of the skin,2010,Females,25–29,143
Actual,Melanoma of the skin,2010,Females,30–34,167
Actual,Melanoma of the skin,2010,Females,35–39,234
Actual,Melanoma of the skin,2010,Females,40–44,316
Actual,Melanoma of the skin,2010,Females,45–49,379
Actual,Melanoma of the skin,2010,Females,50–54,441
Actual,Melanoma of the skin,2010,Females,55–59,461
Actual,Melanoma of the skin,2010,Females,60–64,526
Actual,Melanoma of the skin,2010,Females,65–69,508
Actual,Melanoma of the skin,2010,Females,70–74,376
Actual,Melanoma of the skin,2010,Females,75–79,367
Actual,Melanoma of the skin,2010,Females,80–84,337
Actual,Melanoma of the skin,2010,Females,85–89,259
Actual,Melanoma of the skin,2010,Females,90+,120
Actual,Melanoma of the skin,2011,Females,00–04,0
Actual,Melanoma of the skin,2011,Females,05–09,2
Actual,Melanoma of the skin,2011,Females,10–14,2
Actual,Melanoma of the skin,2011,Females,15–19,20
Actual,Melanoma of the skin,2011,Females,20–24,59
Actual,Melanoma of the skin,2011,Females,25–29,115
Actual,Melanoma of the skin,2011,Females,30–34,138
Actual,Melanoma of the skin,2011,Females,35–39,273
Actual,Melanoma of the skin,2011,Females,40–44,311
Actual,Melanoma of the skin,2011,Females,45–49,397
Actual,Melanoma of the skin,2011,Females,50–54,424
Actual,Melanoma of the skin,2011,Females,55–59,463
Actual,Melanoma of the skin,2011,Females,60–64,544
Actual,Melanoma of the skin,2011,Females,65–69,545
Actual,Melanoma of the skin,2011,Females,70–74,471
Actual,Melanoma of the skin,2011,Females,75–79,345
Actual,Melanoma of the skin,2011,Females,80–84,371
Actual,Melanoma of the skin,2011,Females,85–89,245
Actual,Melanoma of the skin,2011,Females,90+,131
Actual,Melanoma of the skin,2012,Females,00–04,0
Actual,Melanoma of the skin,2012,Females,05–09,0
Actual,Melanoma of the skin,2012,Females,10–14,2
Actual,Melanoma of the skin,2012,Females,15–19,18
Actual,Melanoma of the skin,2012,Females,20–24,63
Actual,Melanoma of the skin,2012,Females,25–29,131
Actual,Melanoma of the skin,2012,Females,30–34,182
Actual,Melanoma of the skin,2012,Females,35–39,249
Actual,Melanoma of the skin,2012,Females,40–44,347
Actual,Melanoma of the skin,2012,Females,45–49,396
Actual,Melanoma of the skin,2012,Females,50–54,469
Actual,Melanoma of the skin,2012,Females,55–59,491
Actual,Melanoma of the skin,2012,Females,60–64,551
Actual,Melanoma of the skin,2012,Females,65–69,564
Actual,Melanoma of the skin,2012,Females,70–74,431
Actual,Melanoma of the skin,2012,Females,75–79,393
Actual,Melanoma of the skin,2012,Females,80–84,350
Actual,Melanoma of the skin,2012,Females,85–89,289
Actual,Melanoma of the skin,2012,Females,90+,168
Actual,Melanoma of the skin,2013,Females,00–04,1
Actual,Melanoma of the skin,2013,Females,05–09,1
Actual,Melanoma of the skin,2013,Females,10–14,4
Actual,Melanoma of the skin,2013,Females,15–19,20
Actual,Melanoma of the skin,2013,Females,20–24,60
Actual,Melanoma of the skin,2013,Females,25–29,136
Actual,Melanoma of the skin,2013,Females,30–34,188
Actual,Melanoma of the skin,2013,Females,35–39,249
Actual,Melanoma of the skin,2013,Females,40–44,362
Actual,Melanoma of the skin,2013,Females,45–49,398
Actual,Melanoma of the skin,2013,Females,50–54,510
Actual,Melanoma of the skin,2013,Females,55–59,513
Actual,Melanoma of the skin,2013,Females,60–64,525
Actual,Melanoma of the skin,2013,Females,65–69,601
Actual,Melanoma of the skin,2013,Females,70–74,475
Actual,Melanoma of the skin,2013,Females,75–79,441
Actual,Melanoma of the skin,2013,Females,80–84,395
Actual,Melanoma of the skin,2013,Females,85–89,294
Actual,Melanoma of the skin,2013,Females,90+,181
Actual,Melanoma of the skin,2014,Females,00–04,1
Actual,Melanoma of the skin,2014,Females,05–09,0
Actual,Melanoma of the skin,2014,Females,10–14,1
Actual,Melanoma of the skin,2014,Females,15–19,19
Actual,Melanoma of the skin,2014,Females,20–24,62
Actual,Melanoma of the skin,2014,Females,25–29,117
Actual,Melanoma of the skin,2014,Females,30–34,185
Actual,Melanoma of the skin,2014,Females,35–39,220
Actual,Melanoma of the skin,2014,Females,40–44,381
Actual,Melanoma of the skin,2014,Females,45–49,439
Actual,Melanoma of the skin,2014,Females,50–54,536
Actual,Melanoma of the skin,2014,Females,55–59,499
Actual,Melanoma of the skin,2014,Females,60–64,559
Actual,Melanoma of the skin,2014,Females,65–69,660
Actual,Melanoma of the skin,2014,Females,70–74,522
Actual,Melanoma of the skin,2014,Females,75–79,458
Actual,Melanoma of the skin,2014,Females,80–84,376
Actual,Melanoma of the skin,2014,Females,85–89,279
Actual,Melanoma of the skin,2014,Females,90+,186
Actual,Melanoma of the skin,2015,Females,00–04,0
Actual,Melanoma of the skin,2015,Females,05–09,1
Actual,Melanoma of the skin,2015,Females,10–14,1
Actual,Melanoma of the skin,2015,Females,15–19,13
Actual,Melanoma of the skin,2015,Females,20–24,57
Actual,Melanoma of the skin,2015,Females,25–29,145
Actual,Melanoma of the skin,2015,Females,30–34,194
Actual,Melanoma of the skin,2015,Females,35–39,229
Actual,Melanoma of the skin,2015,Females,40–44,359
Actual,Melanoma of the skin,2015,Females,45–49,415
Actual,Melanoma of the skin,2015,Females,50–54,525
Actual,Melanoma of the skin,2015,Females,55–59,529
Actual,Melanoma of the skin,2015,Females,60–64,604
Actual,Melanoma of the skin,2015,Females,65–69,699
Actual,Melanoma of the skin,2015,Females,70–74,549
Actual,Melanoma of the skin,2015,Females,75–79,518
Actual,Melanoma of the skin,2015,Females,80–84,390
Actual,Melanoma of the skin,2015,Females,85–89,315
Actual,Melanoma of the skin,2015,Females,90+,174
Actual,Melanoma of the skin,2016,Females,00–04,2
Actual,Melanoma of the skin,2016,Females,05–09,0
Actual,Melanoma of the skin,2016,Females,10–14,2
Actual,Melanoma of the skin,2016,Females,15–19,20
Actual,Melanoma of the skin,2016,Females,20–24,61
Actual,Melanoma of the skin,2016,Females,25–29,149
Actual,Melanoma of the skin,2016,Females,30–34,212
Actual,Melanoma of the skin,2016,Females,35–39,275
Actual,Melanoma of the skin,2016,Females,40–44,343
Actual,Melanoma of the skin,2016,Females,45–49,448
Actual,Melanoma of the skin,2016,Females,50–54,513
Actual,Melanoma of the skin,2016,Females,55–59,557
Actual,Melanoma of the skin,2016,Females,60–64,638
Actual,Melanoma of the skin,2016,Females,65–69,760
Actual,Melanoma of the skin,2016,Females,70–74,616
Actual,Melanoma of the skin,2016,Females,75–79,514
Actual,Melanoma of the skin,2016,Females,80–84,376
Actual,Melanoma of the skin,2016,Females,85–89,348
Actual,Melanoma of the skin,2016,Females,90+,194