Data type,Cancer group/site,Year,Sex,State or Territory,Count,"Age-standardised rate
(per 100,000)",ICD10 codes
Incidence,Melanoma of the skin,1982,Males,New South Wales,650,28.9,C43
Incidence,Melanoma of the skin,1982,Males,Victoria,280,16.9,C43
Incidence,Melanoma of the skin,1982,Males,Queensland,474,49.5,C43
Incidence,Melanoma of the skin,1982,Males,Western Australia,165,31.3,C43
Incidence,Melanoma of the skin,1982,Males,South Australia,121,21.4,C43
Incidence,Melanoma of the skin,1982,Males,Tasmania,30,17.6,C43
Incidence,Melanoma of the skin,1982,Males,Australian Capital Territory,0,0.0,C43
Incidence,Melanoma of the skin,1982,Males,Northern Territory,0,0.0,C43
Incidence,Melanoma of the skin,1982,Females,New South Wales,651,26.2,C43
Incidence,Melanoma of the skin,1982,Females,Victoria,365,19.9,C43
Incidence,Melanoma of the skin,1982,Females,Queensland,428,40.9,C43
Incidence,Melanoma of the skin,1982,Females,Western Australia,173,30.6,C43
Incidence,Melanoma of the skin,1982,Females,South Australia,127,21.1,C43
Incidence,Melanoma of the skin,1982,Females,Tasmania,38,20.1,C43
Incidence,Melanoma of the skin,1982,Females,Australian Capital Territory,0,0.0,C43
Incidence,Melanoma of the skin,1982,Females,Northern Territory,0,0.0,C43
Incidence,Melanoma of the skin,1983,Males,New South Wales,694,31.1,C43
Incidence,Melanoma of the skin,1983,Males,Victoria,320,18.9,C43
Incidence,Melanoma of the skin,1983,Males,Queensland,455,45.1,C43
Incidence,Melanoma of the skin,1983,Males,Western Australia,165,31.0,C43
Incidence,Melanoma of the skin,1983,Males,South Australia,120,20.8,C43
Incidence,Melanoma of the skin,1983,Males,Tasmania,31,17.8,C43
Incidence,Melanoma of the skin,1983,Males,Australian Capital Territory,0,0.0,C43
Incidence,Melanoma of the skin,1983,Males,Northern Territory,0,0.0,C43
Incidence,Melanoma of the skin,1983,Females,New South Wales,731,29.3,C43
Incidence,Melanoma of the skin,1983,Females,Victoria,402,21.8,C43
Incidence,Melanoma of the skin,1983,Females,Queensland,458,41.2,C43
Incidence,Melanoma of the skin,1983,Females,Western Australia,165,27.4,C43
Incidence,Melanoma of the skin,1983,Females,South Australia,148,23.3,C43
Incidence,Melanoma of the skin,1983,Females,Tasmania,45,23.7,C43
Incidence,Melanoma of the skin,1983,Females,Australian Capital Territory,0,0.0,C43
Incidence,Melanoma of the skin,1983,Females,Northern Territory,0,0.0,C43
Incidence,Melanoma of the skin,1984,Males,New South Wales,762,33.8,C43
Incidence,Melanoma of the skin,1984,Males,Victoria,331,19.1,C43
Incidence,Melanoma of the skin,1984,Males,Queensland,536,52.8,C43
Incidence,Melanoma of the skin,1984,Males,Western Australia,173,31.5,C43
Incidence,Melanoma of the skin,1984,Males,South Australia,124,21.4,C43
Incidence,Melanoma of the skin,1984,Males,Tasmania,31,18.1,C43
Incidence,Melanoma of the skin,1984,Males,Australian Capital Territory,0,0.0,C43
Incidence,Melanoma of the skin,1984,Males,Northern Territory,0,0.0,C43
Incidence,Melanoma of the skin,1984,Females,New South Wales,738,29.3,C43
Incidence,Melanoma of the skin,1984,Females,Victoria,415,21.9,C43
Incidence,Melanoma of the skin,1984,Females,Queensland,504,45.4,C43
Incidence,Melanoma of the skin,1984,Females,Western Australia,173,28.6,C43
Incidence,Melanoma of the skin,1984,Females,South Australia,160,24.2,C43
Incidence,Melanoma of the skin,1984,Females,Tasmania,35,18.2,C43
Incidence,Melanoma of the skin,1984,Females,Australian Capital Territory,0,0.0,C43
Incidence,Melanoma of the skin,1984,Females,Northern Territory,0,0.0,C43
Incidence,Melanoma of the skin,1985,Males,New South Wales,828,35.9,C43
Incidence,Melanoma of the skin,1985,Males,Victoria,397,23.2,C43
Incidence,Melanoma of the skin,1985,Males,Queensland,545,51.3,C43
Incidence,Melanoma of the skin,1985,Males,Western Australia,212,38.7,C43
Incidence,Melanoma of the skin,1985,Males,South Australia,166,27.3,C43
Incidence,Melanoma of the skin,1985,Males,Tasmania,31,16.0,C43
Incidence,Melanoma of the skin,1985,Males,Australian Capital Territory,0,0.0,C43
Incidence,Melanoma of the skin,1985,Males,Northern Territory,0,0.0,C43
Incidence,Melanoma of the skin,1985,Females,New South Wales,784,30.2,C43
Incidence,Melanoma of the skin,1985,Females,Victoria,472,24.6,C43
Incidence,Melanoma of the skin,1985,Females,Queensland,537,46.7,C43
Incidence,Melanoma of the skin,1985,Females,Western Australia,208,34.2,C43
Incidence,Melanoma of the skin,1985,Females,South Australia,198,29.9,C43
Incidence,Melanoma of the skin,1985,Females,Tasmania,49,24.5,C43
Incidence,Melanoma of the skin,1985,Females,Australian Capital Territory,0,0.0,C43
Incidence,Melanoma of the skin,1985,Females,Northern Territory,0,0.0,C43
Incidence,Melanoma of the skin,1986,Males,New South Wales,914,38.4,C43
Incidence,Melanoma of the skin,1986,Males,Victoria,377,21.2,C43
Incidence,Melanoma of the skin,1986,Males,Queensland,641,59.1,C43
Incidence,Melanoma of the skin,1986,Males,Western Australia,226,38.8,C43
Incidence,Melanoma of the skin,1986,Males,South Australia,168,27.4,C43
Incidence,Melanoma of the skin,1986,Males,Tasmania,33,17.6,C43
Incidence,Melanoma of the skin,1986,Males,Australian Capital Territory,30,32.7,C43
Incidence,Melanoma of the skin,1986,Males,Northern Territory,6,13.5,C43
Incidence,Melanoma of the skin,1986,Females,New South Wales,786,29.9,C43
Incidence,Melanoma of the skin,1986,Females,Victoria,452,23.0,C43
Incidence,Melanoma of the skin,1986,Females,Queensland,601,51.0,C43
Incidence,Melanoma of the skin,1986,Females,Western Australia,184,28.4,C43
Incidence,Melanoma of the skin,1986,Females,South Australia,188,28.4,C43
Incidence,Melanoma of the skin,1986,Females,Tasmania,54,26.7,C43
Incidence,Melanoma of the skin,1986,Females,Australian Capital Territory,27,25.9,C43
Incidence,Melanoma of the skin,1986,Females,Northern Territory,5,10.1,C43
Incidence,Melanoma of the skin,1987,Males,New South Wales,"1,105",45.0,C43
Incidence,Melanoma of the skin,1987,Males,Victoria,481,26.1,C43
Incidence,Melanoma of the skin,1987,Males,Queensland,739,65.2,C43
Incidence,Melanoma of the skin,1987,Males,Western Australia,267,44.3,C43
Incidence,Melanoma of the skin,1987,Males,South Australia,185,30.4,C43
Incidence,Melanoma of the skin,1987,Males,Tasmania,43,21.1,C43
Incidence,Melanoma of the skin,1987,Males,Australian Capital Territory,36,37.4,C43
Incidence,Melanoma of the skin,1987,Males,Northern Territory,8,15.9,C43
Incidence,Melanoma of the skin,1987,Females,New South Wales,"1,003",37.3,C43
Incidence,Melanoma of the skin,1987,Females,Victoria,516,25.9,C43
Incidence,Melanoma of the skin,1987,Females,Queensland,627,51.2,C43
Incidence,Melanoma of the skin,1987,Females,Western Australia,214,32.1,C43
Incidence,Melanoma of the skin,1987,Females,South Australia,201,29.3,C43
Incidence,Melanoma of the skin,1987,Females,Tasmania,68,33.0,C43
Incidence,Melanoma of the skin,1987,Females,Australian Capital Territory,33,30.6,C43
Incidence,Melanoma of the skin,1987,Females,Northern Territory,5,9.0,C43
Incidence,Melanoma of the skin,1988,Males,New South Wales,"1,225",49.8,C43
Incidence,Melanoma of the skin,1988,Males,Victoria,563,31.4,C43
Incidence,Melanoma of the skin,1988,Males,Queensland,754,64.9,C43
Incidence,Melanoma of the skin,1988,Males,Western Australia,297,48.3,C43
Incidence,Melanoma of the skin,1988,Males,South Australia,231,37.9,C43
Incidence,Melanoma of the skin,1988,Males,Tasmania,62,30.7,C43
Incidence,Melanoma of the skin,1988,Males,Australian Capital Territory,40,42.2,C43
Incidence,Melanoma of the skin,1988,Males,Northern Territory,10,17.7,C43
Incidence,Melanoma of the skin,1988,Females,New South Wales,"1,044",37.9,C43
Incidence,Melanoma of the skin,1988,Females,Victoria,562,27.4,C43
Incidence,Melanoma of the skin,1988,Females,Queensland,613,48.3,C43
Incidence,Melanoma of the skin,1988,Females,Western Australia,250,37.7,C43
Incidence,Melanoma of the skin,1988,Females,South Australia,226,32.8,C43
Incidence,Melanoma of the skin,1988,Females,Tasmania,68,32.4,C43
Incidence,Melanoma of the skin,1988,Females,Australian Capital Territory,35,33.2,C43
Incidence,Melanoma of the skin,1988,Females,Northern Territory,8,15.0,C43
Incidence,Melanoma of the skin,1989,Males,New South Wales,"1,216",48.3,C43
Incidence,Melanoma of the skin,1989,Males,Victoria,547,29.8,C43
Incidence,Melanoma of the skin,1989,Males,Queensland,747,62.9,C43
Incidence,Melanoma of the skin,1989,Males,Western Australia,263,41.9,C43
Incidence,Melanoma of the skin,1989,Males,South Australia,236,38.7,C43
Incidence,Melanoma of the skin,1989,Males,Tasmania,54,28.6,C43
Incidence,Melanoma of the skin,1989,Males,Australian Capital Territory,41,41.7,C43
Incidence,Melanoma of the skin,1989,Males,Northern Territory,11,18.8,C43
Incidence,Melanoma of the skin,1989,Females,New South Wales,897,32.0,C43
Incidence,Melanoma of the skin,1989,Females,Victoria,560,27.0,C43
Incidence,Melanoma of the skin,1989,Females,Queensland,637,49.5,C43
Incidence,Melanoma of the skin,1989,Females,Western Australia,221,31.1,C43
Incidence,Melanoma of the skin,1989,Females,South Australia,199,28.4,C43
Incidence,Melanoma of the skin,1989,Females,Tasmania,61,26.8,C43
Incidence,Melanoma of the skin,1989,Females,Australian Capital Territory,38,34.6,C43
Incidence,Melanoma of the skin,1989,Females,Northern Territory,9,15.5,C43
Incidence,Melanoma of the skin,1990,Males,New South Wales,"1,168",46.8,C43
Incidence,Melanoma of the skin,1990,Males,Victoria,579,31.4,C43
Incidence,Melanoma of the skin,1990,Males,Queensland,763,62.8,C43
Incidence,Melanoma of the skin,1990,Males,Western Australia,297,45.9,C43
Incidence,Melanoma of the skin,1990,Males,South Australia,221,33.6,C43
Incidence,Melanoma of the skin,1990,Males,Tasmania,66,32.1,C43
Incidence,Melanoma of the skin,1990,Males,Australian Capital Territory,41,44.4,C43
Incidence,Melanoma of the skin,1990,Males,Northern Territory,13,25.7,C43
Incidence,Melanoma of the skin,1990,Females,New South Wales,944,33.1,C43
Incidence,Melanoma of the skin,1990,Females,Victoria,522,24.9,C43
Incidence,Melanoma of the skin,1990,Females,Queensland,626,47.0,C43
Incidence,Melanoma of the skin,1990,Females,Western Australia,216,31.0,C43
Incidence,Melanoma of the skin,1990,Females,South Australia,247,34.0,C43
Incidence,Melanoma of the skin,1990,Females,Tasmania,85,38.0,C43
Incidence,Melanoma of the skin,1990,Females,Australian Capital Territory,38,34.0,C43
Incidence,Melanoma of the skin,1990,Females,Northern Territory,9,15.3,C43
Incidence,Melanoma of the skin,1991,Males,New South Wales,"1,152",44.9,C43
Incidence,Melanoma of the skin,1991,Males,Victoria,558,28.8,C43
Incidence,Melanoma of the skin,1991,Males,Queensland,772,60.6,C43
Incidence,Melanoma of the skin,1991,Males,Western Australia,336,51.1,C43
Incidence,Melanoma of the skin,1991,Males,South Australia,235,38.6,C43
Incidence,Melanoma of the skin,1991,Males,Tasmania,75,37.7,C43
Incidence,Melanoma of the skin,1991,Males,Australian Capital Territory,41,44.1,C43
Incidence,Melanoma of the skin,1991,Males,Northern Territory,15,29.1,C43
Incidence,Melanoma of the skin,1991,Females,New South Wales,958,33.2,C43
Incidence,Melanoma of the skin,1991,Females,Victoria,571,26.5,C43
Incidence,Melanoma of the skin,1991,Females,Queensland,648,46.8,C43
Incidence,Melanoma of the skin,1991,Females,Western Australia,268,36.9,C43
Incidence,Melanoma of the skin,1991,Females,South Australia,225,30.7,C43
Incidence,Melanoma of the skin,1991,Females,Tasmania,68,31.4,C43
Incidence,Melanoma of the skin,1991,Females,Australian Capital Territory,38,32.4,C43
Incidence,Melanoma of the skin,1991,Females,Northern Territory,10,18.4,C43
Incidence,Melanoma of the skin,1992,Males,New South Wales,"1,200",45.7,C43
Incidence,Melanoma of the skin,1992,Males,Victoria,710,37.4,C43
Incidence,Melanoma of the skin,1992,Males,Queensland,886,69.0,C43
Incidence,Melanoma of the skin,1992,Males,Western Australia,357,53.1,C43
Incidence,Melanoma of the skin,1992,Males,South Australia,297,45.6,C43
Incidence,Melanoma of the skin,1992,Males,Tasmania,69,31.0,C43
Incidence,Melanoma of the skin,1992,Males,Australian Capital Territory,40,43.8,C43
Incidence,Melanoma of the skin,1992,Males,Northern Territory,19,39.8,C43
Incidence,Melanoma of the skin,1992,Females,New South Wales,978,33.5,C43
Incidence,Melanoma of the skin,1992,Females,Victoria,666,30.2,C43
Incidence,Melanoma of the skin,1992,Females,Queensland,687,48.9,C43
Incidence,Melanoma of the skin,1992,Females,Western Australia,254,33.4,C43
Incidence,Melanoma of the skin,1992,Females,South Australia,286,38.4,C43
Incidence,Melanoma of the skin,1992,Females,Tasmania,58,25.2,C43
Incidence,Melanoma of the skin,1992,Females,Australian Capital Territory,36,30.5,C43
Incidence,Melanoma of the skin,1992,Females,Northern Territory,12,19.4,C43
Incidence,Melanoma of the skin,1993,Males,New South Wales,"1,428",54.0,C43
Incidence,Melanoma of the skin,1993,Males,Victoria,654,34.2,C43
Incidence,Melanoma of the skin,1993,Males,Queensland,862,65.7,C43
Incidence,Melanoma of the skin,1993,Males,Western Australia,383,55.1,C43
Incidence,Melanoma of the skin,1993,Males,South Australia,266,39.8,C43
Incidence,Melanoma of the skin,1993,Males,Tasmania,68,33.7,C43
Incidence,Melanoma of the skin,1993,Males,Australian Capital Territory,38,38.7,C43
Incidence,Melanoma of the skin,1993,Males,Northern Territory,19,37.5,C43
Incidence,Melanoma of the skin,1993,Females,New South Wales,"1,055",35.6,C43
Incidence,Melanoma of the skin,1993,Females,Victoria,604,27.3,C43
Incidence,Melanoma of the skin,1993,Females,Queensland,666,45.4,C43
Incidence,Melanoma of the skin,1993,Females,Western Australia,332,42.8,C43
Incidence,Melanoma of the skin,1993,Females,South Australia,270,35.6,C43
Incidence,Melanoma of the skin,1993,Females,Tasmania,71,30.5,C43
Incidence,Melanoma of the skin,1993,Females,Australian Capital Territory,36,30.0,C43
Incidence,Melanoma of the skin,1993,Females,Northern Territory,12,19.3,C43
Incidence,Melanoma of the skin,1994,Males,New South Wales,"1,351",50.7,C43
Incidence,Melanoma of the skin,1994,Males,Victoria,682,34.8,C43
Incidence,Melanoma of the skin,1994,Males,Queensland,926,67.4,C43
Incidence,Melanoma of the skin,1994,Males,Western Australia,425,59.4,C43
Incidence,Melanoma of the skin,1994,Males,South Australia,310,45.2,C43
Incidence,Melanoma of the skin,1994,Males,Tasmania,80,37.4,C43
Incidence,Melanoma of the skin,1994,Males,Australian Capital Territory,39,39.3,C43
Incidence,Melanoma of the skin,1994,Males,Northern Territory,19,39.2,C43
Incidence,Melanoma of the skin,1994,Females,New South Wales,"1,017",33.8,C43
Incidence,Melanoma of the skin,1994,Females,Victoria,632,28.2,C43
Incidence,Melanoma of the skin,1994,Females,Queensland,703,46.7,C43
Incidence,Melanoma of the skin,1994,Females,Western Australia,351,44.5,C43
Incidence,Melanoma of the skin,1994,Females,South Australia,303,39.5,C43
Incidence,Melanoma of the skin,1994,Females,Tasmania,72,30.8,C43
Incidence,Melanoma of the skin,1994,Females,Australian Capital Territory,35,28.0,C43
Incidence,Melanoma of the skin,1994,Females,Northern Territory,13,20.5,C43
Incidence,Melanoma of the skin,1995,Males,New South Wales,"1,421",52.4,C43
Incidence,Melanoma of the skin,1995,Males,Victoria,771,38.7,C43
Incidence,Melanoma of the skin,1995,Males,Queensland,"1,041",73.2,C43
Incidence,Melanoma of the skin,1995,Males,Western Australia,479,64.6,C43
Incidence,Melanoma of the skin,1995,Males,South Australia,288,42.2,C43
Incidence,Melanoma of the skin,1995,Males,Tasmania,92,42.4,C43
Incidence,Melanoma of the skin,1995,Males,Australian Capital Territory,43,41.9,C43
Incidence,Melanoma of the skin,1995,Males,Northern Territory,18,33.1,C43
Incidence,Melanoma of the skin,1995,Females,New South Wales,965,31.4,C43
Incidence,Melanoma of the skin,1995,Females,Victoria,765,33.5,C43
Incidence,Melanoma of the skin,1995,Females,Queensland,784,50.6,C43
Incidence,Melanoma of the skin,1995,Females,Western Australia,358,43.7,C43
Incidence,Melanoma of the skin,1995,Females,South Australia,296,38.4,C43
Incidence,Melanoma of the skin,1995,Females,Tasmania,91,38.6,C43
Incidence,Melanoma of the skin,1995,Females,Australian Capital Territory,38,30.6,C43
Incidence,Melanoma of the skin,1995,Females,Northern Territory,14,22.9,C43
Incidence,Melanoma of the skin,1996,Males,New South Wales,"1,463",53.1,C43
Incidence,Melanoma of the skin,1996,Males,Victoria,867,42.8,C43
Incidence,Melanoma of the skin,1996,Males,Queensland,"1,114",77.3,C43
Incidence,Melanoma of the skin,1996,Males,Western Australia,430,56.9,C43
Incidence,Melanoma of the skin,1996,Males,South Australia,312,45.6,C43
Incidence,Melanoma of the skin,1996,Males,Tasmania,94,43.2,C43
Incidence,Melanoma of the skin,1996,Males,Australian Capital Territory,44,42.5,C43
Incidence,Melanoma of the skin,1996,Males,Northern Territory,20,35.5,C43
Incidence,Melanoma of the skin,1996,Females,New South Wales,"1,067",34.0,C43
Incidence,Melanoma of the skin,1996,Females,Victoria,819,35.6,C43
Incidence,Melanoma of the skin,1996,Females,Queensland,861,54.5,C43
Incidence,Melanoma of the skin,1996,Females,Western Australia,310,37.7,C43
Incidence,Melanoma of the skin,1996,Females,South Australia,270,34.7,C43
Incidence,Melanoma of the skin,1996,Females,Tasmania,95,40.0,C43
Incidence,Melanoma of the skin,1996,Females,Australian Capital Territory,39,30.9,C43
Incidence,Melanoma of the skin,1996,Females,Northern Territory,15,21.9,C43
Incidence,Melanoma of the skin,1997,Males,New South Wales,"1,635",57.1,C43
Incidence,Melanoma of the skin,1997,Males,Victoria,898,42.8,C43
Incidence,Melanoma of the skin,1997,Males,Queensland,"1,241",83.2,C43
Incidence,Melanoma of the skin,1997,Males,Western Australia,398,51.7,C43
Incidence,Melanoma of the skin,1997,Males,South Australia,343,48.0,C43
Incidence,Melanoma of the skin,1997,Males,Tasmania,91,41.7,C43
Incidence,Melanoma of the skin,1997,Males,Australian Capital Territory,51,46.0,C43
Incidence,Melanoma of the skin,1997,Males,Northern Territory,19,28.8,C43
Incidence,Melanoma of the skin,1997,Females,New South Wales,"1,162",36.4,C43
Incidence,Melanoma of the skin,1997,Females,Victoria,914,38.8,C43
Incidence,Melanoma of the skin,1997,Females,Queensland,890,55.1,C43
Incidence,Melanoma of the skin,1997,Females,Western Australia,294,34.3,C43
Incidence,Melanoma of the skin,1997,Females,South Australia,319,40.2,C43
Incidence,Melanoma of the skin,1997,Females,Tasmania,97,39.8,C43
Incidence,Melanoma of the skin,1997,Females,Australian Capital Territory,42,32.3,C43
Incidence,Melanoma of the skin,1997,Females,Northern Territory,17,23.6,C43
Incidence,Melanoma of the skin,1998,Males,New South Wales,"1,555",53.6,C43
Incidence,Melanoma of the skin,1998,Males,Victoria,792,37.7,C43
Incidence,Melanoma of the skin,1998,Males,Queensland,"1,234",80.1,C43
Incidence,Melanoma of the skin,1998,Males,Western Australia,426,54.2,C43
Incidence,Melanoma of the skin,1998,Males,South Australia,301,42.2,C43
Incidence,Melanoma of the skin,1998,Males,Tasmania,86,39.4,C43
Incidence,Melanoma of the skin,1998,Males,Australian Capital Territory,56,48.5,C43
Incidence,Melanoma of the skin,1998,Males,Northern Territory,22,31.5,C43
Incidence,Melanoma of the skin,1998,Females,New South Wales,"1,121",34.5,C43
Incidence,Melanoma of the skin,1998,Females,Victoria,750,31.4,C43
Incidence,Melanoma of the skin,1998,Females,Queensland,907,54.8,C43
Incidence,Melanoma of the skin,1998,Females,Western Australia,326,37.5,C43
Incidence,Melanoma of the skin,1998,Females,South Australia,276,34.3,C43
Incidence,Melanoma of the skin,1998,Females,Tasmania,85,34.9,C43
Incidence,Melanoma of the skin,1998,Females,Australian Capital Territory,42,31.5,C43
Incidence,Melanoma of the skin,1998,Females,Northern Territory,15,21.0,C43
Incidence,Melanoma of the skin,1999,Males,New South Wales,"1,650",55.4,C43
Incidence,Melanoma of the skin,1999,Males,Victoria,882,41.5,C43
Incidence,Melanoma of the skin,1999,Males,Queensland,"1,151",73.3,C43
Incidence,Melanoma of the skin,1999,Males,Western Australia,550,68.1,C43
Incidence,Melanoma of the skin,1999,Males,South Australia,316,43.6,C43
Incidence,Melanoma of the skin,1999,Males,Tasmania,88,38.2,C43
Incidence,Melanoma of the skin,1999,Males,Australian Capital Territory,61,50.8,C43
Incidence,Melanoma of the skin,1999,Males,Northern Territory,24,34.4,C43
Incidence,Melanoma of the skin,1999,Females,New South Wales,"1,126",34.0,C43
Incidence,Melanoma of the skin,1999,Females,Victoria,786,32.1,C43
Incidence,Melanoma of the skin,1999,Females,Queensland,898,52.8,C43
Incidence,Melanoma of the skin,1999,Females,Western Australia,395,43.7,C43
Incidence,Melanoma of the skin,1999,Females,South Australia,289,35.8,C43
Incidence,Melanoma of the skin,1999,Females,Tasmania,102,41.2,C43
Incidence,Melanoma of the skin,1999,Females,Australian Capital Territory,46,33.8,C43
Incidence,Melanoma of the skin,1999,Females,Northern Territory,16,26.0,C43
Incidence,Melanoma of the skin,2000,Males,New South Wales,"1,638",54.0,C43
Incidence,Melanoma of the skin,2000,Males,Victoria,892,40.6,C43
Incidence,Melanoma of the skin,2000,Males,Queensland,"1,305",81.0,C43
Incidence,Melanoma of the skin,2000,Males,Western Australia,531,63.4,C43
Incidence,Melanoma of the skin,2000,Males,South Australia,338,45.7,C43
Incidence,Melanoma of the skin,2000,Males,Tasmania,109,48.3,C43
Incidence,Melanoma of the skin,2000,Males,Australian Capital Territory,61,48.6,C43
Incidence,Melanoma of the skin,2000,Males,Northern Territory,26,35.8,C43
Incidence,Melanoma of the skin,2000,Females,New South Wales,"1,190",35.2,C43
Incidence,Melanoma of the skin,2000,Females,Victoria,839,33.5,C43
Incidence,Melanoma of the skin,2000,Females,Queensland,963,55.1,C43
Incidence,Melanoma of the skin,2000,Females,Western Australia,373,40.5,C43
Incidence,Melanoma of the skin,2000,Females,South Australia,277,33.3,C43
Incidence,Melanoma of the skin,2000,Females,Tasmania,118,48.0,C43
Incidence,Melanoma of the skin,2000,Females,Australian Capital Territory,43,30.9,C43
Incidence,Melanoma of the skin,2000,Females,Northern Territory,19,28.0,C43
Incidence,Melanoma of the skin,2001,Males,New South Wales,"1,759",56.8,C43
Incidence,Melanoma of the skin,2001,Males,Victoria,927,41.5,C43
Incidence,Melanoma of the skin,2001,Males,Queensland,"1,359",82.0,C43
Incidence,Melanoma of the skin,2001,Males,Western Australia,511,59.6,C43
Incidence,Melanoma of the skin,2001,Males,South Australia,369,48.8,C43
Incidence,Melanoma of the skin,2001,Males,Tasmania,103,44.3,C43
Incidence,Melanoma of the skin,2001,Males,Australian Capital Territory,60,46.8,C43
Incidence,Melanoma of the skin,2001,Males,Northern Territory,26,35.8,C43
Incidence,Melanoma of the skin,2001,Females,New South Wales,"1,245",36.1,C43
Incidence,Melanoma of the skin,2001,Females,Victoria,811,32.1,C43
Incidence,Melanoma of the skin,2001,Females,Queensland,995,55.6,C43
Incidence,Melanoma of the skin,2001,Females,Western Australia,396,42.0,C43
Incidence,Melanoma of the skin,2001,Females,South Australia,254,30.5,C43
Incidence,Melanoma of the skin,2001,Females,Tasmania,106,42.1,C43
Incidence,Melanoma of the skin,2001,Females,Australian Capital Territory,49,33.7,C43
Incidence,Melanoma of the skin,2001,Females,Northern Territory,21,30.3,C43
Incidence,Melanoma of the skin,2002,Males,New South Wales,"1,986",62.8,C43
Incidence,Melanoma of the skin,2002,Males,Victoria,994,43.4,C43
Incidence,Melanoma of the skin,2002,Males,Queensland,"1,469",85.8,C43
Incidence,Melanoma of the skin,2002,Males,Western Australia,636,72.0,C43
Incidence,Melanoma of the skin,2002,Males,South Australia,339,44.1,C43
Incidence,Melanoma of the skin,2002,Males,Tasmania,115,48.3,C43
Incidence,Melanoma of the skin,2002,Males,Australian Capital Territory,58,44.0,C43
Incidence,Melanoma of the skin,2002,Males,Northern Territory,25,33.3,C43
Incidence,Melanoma of the skin,2002,Females,New South Wales,"1,349",38.5,C43
Incidence,Melanoma of the skin,2002,Females,Victoria,835,32.3,C43
Incidence,Melanoma of the skin,2002,Females,Queensland,"1,095",59.3,C43
Incidence,Melanoma of the skin,2002,Females,Western Australia,444,46.2,C43
Incidence,Melanoma of the skin,2002,Females,South Australia,333,39.1,C43
Incidence,Melanoma of the skin,2002,Females,Tasmania,109,42.5,C43
Incidence,Melanoma of the skin,2002,Females,Australian Capital Territory,50,33.8,C43
Incidence,Melanoma of the skin,2002,Females,Northern Territory,20,28.5,C43
Incidence,Melanoma of the skin,2003,Males,New South Wales,"1,897",59.5,C43
Incidence,Melanoma of the skin,2003,Males,Victoria,984,42.1,C43
Incidence,Melanoma of the skin,2003,Males,Queensland,"1,428",80.3,C43
Incidence,Melanoma of the skin,2003,Males,Western Australia,674,73.8,C43
Incidence,Melanoma of the skin,2003,Males,South Australia,377,48.4,C43
Incidence,Melanoma of the skin,2003,Males,Tasmania,119,49.6,C43
Incidence,Melanoma of the skin,2003,Males,Australian Capital Territory,59,44.8,C43
Incidence,Melanoma of the skin,2003,Males,Northern Territory,27,36.2,C43
Incidence,Melanoma of the skin,2003,Females,New South Wales,"1,372",38.6,C43
Incidence,Melanoma of the skin,2003,Females,Victoria,774,29.4,C43
Incidence,Melanoma of the skin,2003,Females,Queensland,"1,019",53.6,C43
Incidence,Melanoma of the skin,2003,Females,Western Australia,416,42.2,C43
Incidence,Melanoma of the skin,2003,Females,South Australia,287,33.3,C43
Incidence,Melanoma of the skin,2003,Females,Tasmania,98,37.9,C43
Incidence,Melanoma of the skin,2003,Females,Australian Capital Territory,50,33.3,C43
Incidence,Melanoma of the skin,2003,Females,Northern Territory,22,29.1,C43
Incidence,Melanoma of the skin,2004,Males,New South Wales,"2,000",61.6,C43
Incidence,Melanoma of the skin,2004,Males,Victoria,"1,094",46.0,C43
Incidence,Melanoma of the skin,2004,Males,Queensland,"1,326",72.9,C43
Incidence,Melanoma of the skin,2004,Males,Western Australia,581,63.0,C43
Incidence,Melanoma of the skin,2004,Males,South Australia,383,48.0,C43
Incidence,Melanoma of the skin,2004,Males,Tasmania,117,47.1,C43
Incidence,Melanoma of the skin,2004,Males,Australian Capital Territory,60,45.6,C43
Incidence,Melanoma of the skin,2004,Males,Northern Territory,28,35.3,C43
Incidence,Melanoma of the skin,2004,Females,New South Wales,"1,459",40.7,C43
Incidence,Melanoma of the skin,2004,Females,Victoria,875,32.9,C43
Incidence,Melanoma of the skin,2004,Females,Queensland,"1,051",53.4,C43
Incidence,Melanoma of the skin,2004,Females,Western Australia,414,41.1,C43
Incidence,Melanoma of the skin,2004,Females,South Australia,292,33.1,C43
Incidence,Melanoma of the skin,2004,Females,Tasmania,100,37.4,C43
Incidence,Melanoma of the skin,2004,Females,Australian Capital Territory,53,34.4,C43
Incidence,Melanoma of the skin,2004,Females,Northern Territory,22,25.8,C43
Incidence,Melanoma of the skin,2005,Males,New South Wales,"2,056",62.5,C43
Incidence,Melanoma of the skin,2005,Males,Victoria,"1,224",50.0,C43
Incidence,Melanoma of the skin,2005,Males,Queensland,"1,586",84.8,C43
Incidence,Melanoma of the skin,2005,Males,Western Australia,598,62.7,C43
Incidence,Melanoma of the skin,2005,Males,South Australia,400,49.5,C43
Incidence,Melanoma of the skin,2005,Males,Tasmania,147,58.7,C43
Incidence,Melanoma of the skin,2005,Males,Australian Capital Territory,69,51.6,C43
Incidence,Melanoma of the skin,2005,Males,Northern Territory,29,38.2,C43
Incidence,Melanoma of the skin,2005,Females,New South Wales,"1,509",41.2,C43
Incidence,Melanoma of the skin,2005,Females,Victoria,"1,084",39.8,C43
Incidence,Melanoma of the skin,2005,Females,Queensland,"1,132",56.1,C43
Incidence,Melanoma of the skin,2005,Females,Western Australia,407,39.5,C43
Incidence,Melanoma of the skin,2005,Females,South Australia,328,37.2,C43
Incidence,Melanoma of the skin,2005,Females,Tasmania,135,50.4,C43
Incidence,Melanoma of the skin,2005,Females,Australian Capital Territory,61,38.8,C43
Incidence,Melanoma of the skin,2005,Females,Northern Territory,20,24.9,C43
Incidence,Melanoma of the skin,2006,Males,New South Wales,"2,178",65.1,C43
Incidence,Melanoma of the skin,2006,Males,Victoria,"1,223",49.2,C43
Incidence,Melanoma of the skin,2006,Males,Queensland,"1,493",77.7,C43
Incidence,Melanoma of the skin,2006,Males,Western Australia,636,64.2,C43
Incidence,Melanoma of the skin,2006,Males,South Australia,360,43.9,C43
Incidence,Melanoma of the skin,2006,Males,Tasmania,127,49.8,C43
Incidence,Melanoma of the skin,2006,Males,Australian Capital Territory,73,53.8,C43
Incidence,Melanoma of the skin,2006,Males,Northern Territory,29,35.3,C43
Incidence,Melanoma of the skin,2006,Females,New South Wales,"1,395",37.6,C43
Incidence,Melanoma of the skin,2006,Females,Victoria,972,34.6,C43
Incidence,Melanoma of the skin,2006,Females,Queensland,"1,025",49.2,C43
Incidence,Melanoma of the skin,2006,Females,Western Australia,458,43.6,C43
Incidence,Melanoma of the skin,2006,Females,South Australia,267,30.1,C43
Incidence,Melanoma of the skin,2006,Females,Tasmania,122,44.1,C43
Incidence,Melanoma of the skin,2006,Females,Australian Capital Territory,60,37.6,C43
Incidence,Melanoma of the skin,2006,Females,Northern Territory,19,23.8,C43
Incidence,Melanoma of the skin,2007,Males,New South Wales,"2,127",61.8,C43
Incidence,Melanoma of the skin,2007,Males,Victoria,"1,190",46.4,C43
Incidence,Melanoma of the skin,2007,Males,Queensland,"1,594",79.5,C43
Incidence,Melanoma of the skin,2007,Males,Western Australia,576,56.5,C43
Incidence,Melanoma of the skin,2007,Males,South Australia,342,40.5,C43
Incidence,Melanoma of the skin,2007,Males,Tasmania,127,48.0,C43
Incidence,Melanoma of the skin,2007,Males,Australian Capital Territory,73,53.0,C43
Incidence,Melanoma of the skin,2007,Males,Northern Territory,30,35.8,C43
Incidence,Melanoma of the skin,2007,Females,New South Wales,"1,425",37.6,C43
Incidence,Melanoma of the skin,2007,Females,Victoria,989,34.7,C43
Incidence,Melanoma of the skin,2007,Females,Queensland,"1,127",52.8,C43
Incidence,Melanoma of the skin,2007,Females,Western Australia,411,38.0,C43
Incidence,Melanoma of the skin,2007,Females,South Australia,280,30.7,C43
Incidence,Melanoma of the skin,2007,Females,Tasmania,109,38.0,C43
Incidence,Melanoma of the skin,2007,Females,Australian Capital Territory,59,35.9,C43
Incidence,Melanoma of the skin,2007,Females,Northern Territory,20,24.5,C43
Incidence,Melanoma of the skin,2008,Males,New South Wales,"2,152",60.9,C43
Incidence,Melanoma of the skin,2008,Males,Victoria,"1,246",47.5,C43
Incidence,Melanoma of the skin,2008,Males,Queensland,"1,771",86.3,C43
Incidence,Melanoma of the skin,2008,Males,Western Australia,662,63.8,C43
Incidence,Melanoma of the skin,2008,Males,South Australia,413,48.1,C43
Incidence,Melanoma of the skin,2008,Males,Tasmania,164,60.1,C43
Incidence,Melanoma of the skin,2008,Males,Australian Capital Territory,76,54.4,C43
Incidence,Melanoma of the skin,2008,Males,Northern Territory,29,35.5,C43
Incidence,Melanoma of the skin,2008,Females,New South Wales,"1,488",38.3,C43
Incidence,Melanoma of the skin,2008,Females,Victoria,982,34.0,C43
Incidence,Melanoma of the skin,2008,Females,Queensland,"1,193",54.5,C43
Incidence,Melanoma of the skin,2008,Females,Western Australia,425,37.9,C43
Incidence,Melanoma of the skin,2008,Females,South Australia,325,34.2,C43
Incidence,Melanoma of the skin,2008,Females,Tasmania,113,40.9,C43
Incidence,Melanoma of the skin,2008,Females,Australian Capital Territory,62,37.3,C43
Incidence,Melanoma of the skin,2008,Females,Northern Territory,20,25.3,C43
Incidence,Melanoma of the skin,2009,Males,New South Wales,"2,193",60.6,C43
Incidence,Melanoma of the skin,2009,Males,Victoria,"1,335",49.9,C43
Incidence,Melanoma of the skin,2009,Males,Queensland,"1,784",84.7,C43
Incidence,Melanoma of the skin,2009,Males,Western Australia,640,59.4,C43
Incidence,Melanoma of the skin,2009,Males,South Australia,382,44.3,C43
Incidence,Melanoma of the skin,2009,Males,Tasmania,159,57.6,C43
Incidence,Melanoma of the skin,2009,Males,Australian Capital Territory,77,53.8,C43
Incidence,Melanoma of the skin,2009,Males,Northern Territory,30,36.3,C43
Incidence,Melanoma of the skin,2009,Females,New South Wales,"1,536",38.8,C43
Incidence,Melanoma of the skin,2009,Females,Victoria,"1,048",34.9,C43
Incidence,Melanoma of the skin,2009,Females,Queensland,"1,263",56.4,C43
Incidence,Melanoma of the skin,2009,Females,Western Australia,400,34.5,C43
Incidence,Melanoma of the skin,2009,Females,South Australia,291,29.9,C43
Incidence,Melanoma of the skin,2009,Females,Tasmania,115,39.3,C43
Incidence,Melanoma of the skin,2009,Females,Australian Capital Territory,57,33.5,C43
Incidence,Melanoma of the skin,2009,Females,Northern Territory,20,27.1,C43
Incidence,Melanoma of the skin,2010,Males,New South Wales,"2,338",63.2,C43
Incidence,Melanoma of the skin,2010,Males,Victoria,"1,302",47.0,C43
Incidence,Melanoma of the skin,2010,Males,Queensland,"1,849",85.4,C43
Incidence,Melanoma of the skin,2010,Males,Western Australia,650,59.1,C43
Incidence,Melanoma of the skin,2010,Males,South Australia,387,43.5,C43
Incidence,Melanoma of the skin,2010,Males,Tasmania,158,54.8,C43
Incidence,Melanoma of the skin,2010,Males,Australian Capital Territory,74,50.7,C43
Incidence,Melanoma of the skin,2010,Males,Northern Territory,32,38.7,C43
Incidence,Melanoma of the skin,2010,Females,New South Wales,"1,566",38.6,C43
Incidence,Melanoma of the skin,2010,Females,Victoria,971,31.8,C43
Incidence,Melanoma of the skin,2010,Females,Queensland,"1,273",54.7,C43
Incidence,Melanoma of the skin,2010,Females,Western Australia,389,32.6,C43
Incidence,Melanoma of the skin,2010,Females,South Australia,314,31.7,C43
Incidence,Melanoma of the skin,2010,Females,Tasmania,134,45.0,C43
Incidence,Melanoma of the skin,2010,Females,Australian Capital Territory,50,28.5,C43
Incidence,Melanoma of the skin,2010,Females,Northern Territory,21,26.1,C43
Incidence,Melanoma of the skin,2011,Males,New South Wales,"2,399",62.7,C43
Incidence,Melanoma of the skin,2011,Males,Victoria,"1,171",41.0,C43
Incidence,Melanoma of the skin,2011,Males,Queensland,"1,928",85.8,C43
Incidence,Melanoma of the skin,2011,Males,Western Australia,669,58.8,C43
Incidence,Melanoma of the skin,2011,Males,South Australia,409,44.3,C43
Incidence,Melanoma of the skin,2011,Males,Tasmania,132,45.1,C43
Incidence,Melanoma of the skin,2011,Males,Australian Capital Territory,76,50.5,C43
Incidence,Melanoma of the skin,2011,Males,Northern Territory,33,40.6,C43
Incidence,Melanoma of the skin,2011,Females,New South Wales,"1,623",39.4,C43
Incidence,Melanoma of the skin,2011,Females,Victoria,900,28.5,C43
Incidence,Melanoma of the skin,2011,Females,Queensland,"1,381",58.2,C43
Incidence,Melanoma of the skin,2011,Females,Western Australia,449,36.2,C43
Incidence,Melanoma of the skin,2011,Females,South Australia,298,29.5,C43
Incidence,Melanoma of the skin,2011,Females,Tasmania,129,43.2,C43
Incidence,Melanoma of the skin,2011,Females,Australian Capital Territory,48,26.7,C43
Incidence,Melanoma of the skin,2011,Females,Northern Territory,22,26.7,C43
Incidence,Melanoma of the skin,2012,Males,New South Wales,"2,487",63.8,C43
Incidence,Melanoma of the skin,2012,Males,Victoria,"1,291",44.2,C43
Incidence,Melanoma of the skin,2012,Males,Queensland,"2,019",88.0,C43
Incidence,Melanoma of the skin,2012,Males,Western Australia,696,58.9,C43
Incidence,Melanoma of the skin,2012,Males,South Australia,404,42.9,C43
Incidence,Melanoma of the skin,2012,Males,Tasmania,146,48.8,C43
Incidence,Melanoma of the skin,2012,Males,Australian Capital Territory,79,51.2,C43
Incidence,Melanoma of the skin,2012,Males,Northern Territory,37,45.2,C43
Incidence,Melanoma of the skin,2012,Females,New South Wales,"1,703",40.5,C43
Incidence,Melanoma of the skin,2012,Females,Victoria,985,30.6,C43
Incidence,Melanoma of the skin,2012,Females,Queensland,"1,431",58.4,C43
Incidence,Melanoma of the skin,2012,Females,Western Australia,454,35.8,C43
Incidence,Melanoma of the skin,2012,Females,South Australia,311,30.8,C43
Incidence,Melanoma of the skin,2012,Females,Tasmania,108,33.7,C43
Incidence,Melanoma of the skin,2012,Females,Australian Capital Territory,53,28.9,C43
Incidence,Melanoma of the skin,2012,Females,Northern Territory,23,28.5,C43
Incidence,Melanoma of the skin,2013,Males,New South Wales,"2,536",63.6,C43
Incidence,Melanoma of the skin,2013,Males,Victoria,"1,325",44.1,C43
Incidence,Melanoma of the skin,2013,Males,Queensland,"2,167",91.1,C43
Incidence,Melanoma of the skin,2013,Males,Western Australia,785,65.2,C43
Incidence,Melanoma of the skin,2013,Males,South Australia,452,47.2,C43
Incidence,Melanoma of the skin,2013,Males,Tasmania,137,45.4,C43
Incidence,Melanoma of the skin,2013,Males,Australian Capital Territory,81,50.5,C43
Incidence,Melanoma of the skin,2013,Males,Northern Territory,39,45.8,C43
Incidence,Melanoma of the skin,2013,Females,New South Wales,"1,773",41.1,C43
Incidence,Melanoma of the skin,2013,Females,Victoria,999,30.1,C43
Incidence,Melanoma of the skin,2013,Females,Queensland,"1,528",61.7,C43
Incidence,Melanoma of the skin,2013,Females,Western Australia,532,41.1,C43
Incidence,Melanoma of the skin,2013,Females,South Australia,297,29.1,C43
Incidence,Melanoma of the skin,2013,Females,Tasmania,137,43.6,C43
Incidence,Melanoma of the skin,2013,Females,Australian Capital Territory,54,28.7,C43
Incidence,Melanoma of the skin,2013,Females,Northern Territory,24,29.1,C43
Incidence,Melanoma of the skin,2014,Males,New South Wales,"2,557",63.2,C43
Incidence,Melanoma of the skin,2014,Males,Victoria,"1,399",45.4,C43
Incidence,Melanoma of the skin,2014,Males,Queensland,"2,198",90.3,C43
Incidence,Melanoma of the skin,2014,Males,Western Australia,774,61.9,C43
Incidence,Melanoma of the skin,2014,Males,South Australia,501,51.5,C43
Incidence,Melanoma of the skin,2014,Males,Tasmania,161,50.6,C43
Incidence,Melanoma of the skin,2014,Males,Australian Capital Territory,82,49.9,C43
Incidence,Melanoma of the skin,2014,Males,Northern Territory,42,50.5,C43
Incidence,Melanoma of the skin,2014,Females,New South Wales,"1,801",41.1,C43
Incidence,Melanoma of the skin,2014,Females,Victoria,"1,066",31.6,C43
Incidence,Melanoma of the skin,2014,Females,Queensland,"1,506",59.2,C43
Incidence,Melanoma of the skin,2014,Females,Western Australia,530,40.1,C43
Incidence,Melanoma of the skin,2014,Females,South Australia,321,30.9,C43
Incidence,Melanoma of the skin,2014,Females,Tasmania,171,51.8,C43
Incidence,Melanoma of the skin,2014,Females,Australian Capital Territory,62,32.7,C43
Incidence,Melanoma of the skin,2014,Females,Northern Territory,25,28.1,C43
Incidence,Melanoma of the skin,2015,Males,New South Wales,"2,598",62.1,C43
Incidence,Melanoma of the skin,2015,Males,Victoria,"1,537",48.4,C43
Incidence,Melanoma of the skin,2015,Males,Queensland,"2,184",87.8,C43
Incidence,Melanoma of the skin,2015,Males,Western Australia,898,71.0,C43
Incidence,Melanoma of the skin,2015,Males,South Australia,476,47.8,C43
Incidence,Melanoma of the skin,2015,Males,Tasmania,167,52.3,C43
Incidence,Melanoma of the skin,2015,Males,Australian Capital Territory,84,49.7,C43
Incidence,Melanoma of the skin,2015,Males,Northern Territory,48,54.9,C43
Incidence,Melanoma of the skin,2015,Females,New South Wales,"1,783",40.0,C43
Incidence,Melanoma of the skin,2015,Females,Victoria,"1,163",33.8,C43
Incidence,Melanoma of the skin,2015,Females,Queensland,"1,557",59.3,C43
Incidence,Melanoma of the skin,2015,Females,Western Australia,670,49.3,C43
Incidence,Melanoma of the skin,2015,Females,South Australia,298,27.7,C43
Incidence,Melanoma of the skin,2015,Females,Tasmania,136,42.6,C43
Incidence,Melanoma of the skin,2015,Females,Australian Capital Territory,69,35.6,C43
Incidence,Melanoma of the skin,2015,Females,Northern Territory,27,31.2,C43
Incidence,Melanoma of the skin,2016,Males,New South Wales,"2,833",66.5,C43
Incidence,Melanoma of the skin,2016,Males,Victoria,"1,565",48.0,C43
Incidence,Melanoma of the skin,2016,Males,Queensland,"2,316",90.8,C43
Incidence,Melanoma of the skin,2016,Males,Western Australia,920,70.4,C43
Incidence,Melanoma of the skin,2016,Males,South Australia,472,46.4,C43
Incidence,Melanoma of the skin,2016,Males,Tasmania,182,58.0,C43
Incidence,Melanoma of the skin,2016,Males,Australian Capital Territory,92,52.8,C43
Incidence,Melanoma of the skin,2016,Males,Northern Territory,0,n.p.,C43
Incidence,Melanoma of the skin,2016,Females,New South Wales,"1,922",42.3,C43
Incidence,Melanoma of the skin,2016,Females,Victoria,"1,253",35.4,C43
Incidence,Melanoma of the skin,2016,Females,Queensland,"1,624",60.2,C43
Incidence,Melanoma of the skin,2016,Females,Western Australia,627,45.7,C43
Incidence,Melanoma of the skin,2016,Females,South Australia,344,31.7,C43
Incidence,Melanoma of the skin,2016,Females,Tasmania,150,46.1,C43
Incidence,Melanoma of the skin,2016,Females,Australian Capital Territory,75,37.7,C43
Incidence,Melanoma of the skin,2016,Females,Northern Territory,0,n.p.,C43
Mortality,Melanoma of the skin,1982,Males,New South Wales,165,7.7,C43
Mortality,Melanoma of the skin,1982,Males,Victoria,82,5.1,C43
Mortality,Melanoma of the skin,1982,Males,Queensland,61,6.6,C43
Mortality,Melanoma of the skin,1982,Males,Western Australia,38,8.2,C43
Mortality,Melanoma of the skin,1982,Males,South Australia,22,3.9,C43
Mortality,Melanoma of the skin,1982,Males,Tasmania,9,5.3,C43
Mortality,Melanoma of the skin,1982,Males,Australian Capital Territory,2,n.p.,C43
Mortality,Melanoma of the skin,1982,Males,Northern Territory,1,n.p.,C43
Mortality,Melanoma of the skin,1982,Females,New South Wales,72,3.1,C43
Mortality,Melanoma of the skin,1982,Females,Victoria,64,3.4,C43
Mortality,Melanoma of the skin,1982,Females,Queensland,31,3.1,C43
Mortality,Melanoma of the skin,1982,Females,Western Australia,16,3.1,C43
Mortality,Melanoma of the skin,1982,Females,South Australia,26,4.0,C43
Mortality,Melanoma of the skin,1982,Females,Tasmania,4,n.p.,C43
Mortality,Melanoma of the skin,1982,Females,Australian Capital Territory,3,n.p.,C43
Mortality,Melanoma of the skin,1982,Females,Northern Territory,0,0.0,C43
Mortality,Melanoma of the skin,1983,Males,New South Wales,144,6.4,C43
Mortality,Melanoma of the skin,1983,Males,Victoria,94,5.9,C43
Mortality,Melanoma of the skin,1983,Males,Queensland,55,5.9,C43
Mortality,Melanoma of the skin,1983,Males,Western Australia,23,5.6,C43
Mortality,Melanoma of the skin,1983,Males,South Australia,28,5.0,C43
Mortality,Melanoma of the skin,1983,Males,Tasmania,13,8.6,C43
Mortality,Melanoma of the skin,1983,Males,Australian Capital Territory,2,n.p.,C43
Mortality,Melanoma of the skin,1983,Males,Northern Territory,3,n.p.,C43
Mortality,Melanoma of the skin,1983,Females,New South Wales,91,3.7,C43
Mortality,Melanoma of the skin,1983,Females,Victoria,81,4.6,C43
Mortality,Melanoma of the skin,1983,Females,Queensland,46,4.5,C43
Mortality,Melanoma of the skin,1983,Females,Western Australia,18,3.2,C43
Mortality,Melanoma of the skin,1983,Females,South Australia,12,1.9,C43
Mortality,Melanoma of the skin,1983,Females,Tasmania,11,6.0,C43
Mortality,Melanoma of the skin,1983,Females,Australian Capital Territory,2,n.p.,C43
Mortality,Melanoma of the skin,1983,Females,Northern Territory,0,0.0,C43
Mortality,Melanoma of the skin,1984,Males,New South Wales,159,7.3,C43
Mortality,Melanoma of the skin,1984,Males,Victoria,87,5.4,C43
Mortality,Melanoma of the skin,1984,Males,Queensland,72,7.6,C43
Mortality,Melanoma of the skin,1984,Males,Western Australia,35,6.2,C43
Mortality,Melanoma of the skin,1984,Males,South Australia,29,5.1,C43
Mortality,Melanoma of the skin,1984,Males,Tasmania,7,3.8,C43
Mortality,Melanoma of the skin,1984,Males,Australian Capital Territory,6,6.6,C43
Mortality,Melanoma of the skin,1984,Males,Northern Territory,2,n.p.,C43
Mortality,Melanoma of the skin,1984,Females,New South Wales,88,3.6,C43
Mortality,Melanoma of the skin,1984,Females,Victoria,64,3.4,C43
Mortality,Melanoma of the skin,1984,Females,Queensland,40,3.8,C43
Mortality,Melanoma of the skin,1984,Females,Western Australia,13,2.3,C43
Mortality,Melanoma of the skin,1984,Females,South Australia,25,3.6,C43
Mortality,Melanoma of the skin,1984,Females,Tasmania,11,4.9,C43
Mortality,Melanoma of the skin,1984,Females,Australian Capital Territory,1,n.p.,C43
Mortality,Melanoma of the skin,1984,Females,Northern Territory,1,n.p.,C43
Mortality,Melanoma of the skin,1985,Males,New South Wales,171,7.9,C43
Mortality,Melanoma of the skin,1985,Males,Victoria,76,4.9,C43
Mortality,Melanoma of the skin,1985,Males,Queensland,80,7.9,C43
Mortality,Melanoma of the skin,1985,Males,Western Australia,36,6.8,C43
Mortality,Melanoma of the skin,1985,Males,South Australia,21,3.4,C43
Mortality,Melanoma of the skin,1985,Males,Tasmania,13,6.6,C43
Mortality,Melanoma of the skin,1985,Males,Australian Capital Territory,4,n.p.,C43
Mortality,Melanoma of the skin,1985,Males,Northern Territory,2,n.p.,C43
Mortality,Melanoma of the skin,1985,Females,New South Wales,96,3.8,C43
Mortality,Melanoma of the skin,1985,Females,Victoria,74,4.0,C43
Mortality,Melanoma of the skin,1985,Females,Queensland,41,3.8,C43
Mortality,Melanoma of the skin,1985,Females,Western Australia,24,3.8,C43
Mortality,Melanoma of the skin,1985,Females,South Australia,20,3.0,C43
Mortality,Melanoma of the skin,1985,Females,Tasmania,11,6.0,C43
Mortality,Melanoma of the skin,1985,Females,Australian Capital Territory,2,n.p.,C43
Mortality,Melanoma of the skin,1985,Females,Northern Territory,1,n.p.,C43
Mortality,Melanoma of the skin,1986,Males,New South Wales,163,7.9,C43
Mortality,Melanoma of the skin,1986,Males,Victoria,83,4.7,C43
Mortality,Melanoma of the skin,1986,Males,Queensland,85,8.7,C43
Mortality,Melanoma of the skin,1986,Males,Western Australia,43,8.3,C43
Mortality,Melanoma of the skin,1986,Males,South Australia,29,5.0,C43
Mortality,Melanoma of the skin,1986,Males,Tasmania,11,5.5,C43
Mortality,Melanoma of the skin,1986,Males,Australian Capital Territory,4,n.p.,C43
Mortality,Melanoma of the skin,1986,Males,Northern Territory,0,0.0,C43
Mortality,Melanoma of the skin,1986,Females,New South Wales,102,3.9,C43
Mortality,Melanoma of the skin,1986,Females,Victoria,64,3.2,C43
Mortality,Melanoma of the skin,1986,Females,Queensland,47,4.2,C43
Mortality,Melanoma of the skin,1986,Females,Western Australia,15,2.5,C43
Mortality,Melanoma of the skin,1986,Females,South Australia,27,3.9,C43
Mortality,Melanoma of the skin,1986,Females,Tasmania,7,3.7,C43
Mortality,Melanoma of the skin,1986,Females,Australian Capital Territory,7,9.4,C43
Mortality,Melanoma of the skin,1986,Females,Northern Territory,1,n.p.,C43
Mortality,Melanoma of the skin,1987,Males,New South Wales,202,9.1,C43
Mortality,Melanoma of the skin,1987,Males,Victoria,105,6.5,C43
Mortality,Melanoma of the skin,1987,Males,Queensland,99,9.5,C43
Mortality,Melanoma of the skin,1987,Males,Western Australia,48,9.5,C43
Mortality,Melanoma of the skin,1987,Males,South Australia,37,6.3,C43
Mortality,Melanoma of the skin,1987,Males,Tasmania,17,10.3,C43
Mortality,Melanoma of the skin,1987,Males,Australian Capital Territory,7,7.1,C43
Mortality,Melanoma of the skin,1987,Males,Northern Territory,2,n.p.,C43
Mortality,Melanoma of the skin,1987,Females,New South Wales,100,3.8,C43
Mortality,Melanoma of the skin,1987,Females,Victoria,71,3.5,C43
Mortality,Melanoma of the skin,1987,Females,Queensland,47,4.1,C43
Mortality,Melanoma of the skin,1987,Females,Western Australia,23,3.8,C43
Mortality,Melanoma of the skin,1987,Females,South Australia,25,3.9,C43
Mortality,Melanoma of the skin,1987,Females,Tasmania,7,3.5,C43
Mortality,Melanoma of the skin,1987,Females,Australian Capital Territory,7,7.6,C43
Mortality,Melanoma of the skin,1987,Females,Northern Territory,1,n.p.,C43
Mortality,Melanoma of the skin,1988,Males,New South Wales,184,8.1,C43
Mortality,Melanoma of the skin,1988,Males,Victoria,107,6.3,C43
Mortality,Melanoma of the skin,1988,Males,Queensland,97,8.9,C43
Mortality,Melanoma of the skin,1988,Males,Western Australia,41,6.7,C43
Mortality,Melanoma of the skin,1988,Males,South Australia,35,6.1,C43
Mortality,Melanoma of the skin,1988,Males,Tasmania,10,5.0,C43
Mortality,Melanoma of the skin,1988,Males,Australian Capital Territory,5,4.7,C43
Mortality,Melanoma of the skin,1988,Males,Northern Territory,0,0.0,C43
Mortality,Melanoma of the skin,1988,Females,New South Wales,112,4.0,C43
Mortality,Melanoma of the skin,1988,Females,Victoria,75,3.8,C43
Mortality,Melanoma of the skin,1988,Females,Queensland,46,3.6,C43
Mortality,Melanoma of the skin,1988,Females,Western Australia,24,3.6,C43
Mortality,Melanoma of the skin,1988,Females,South Australia,25,3.5,C43
Mortality,Melanoma of the skin,1988,Females,Tasmania,8,3.7,C43
Mortality,Melanoma of the skin,1988,Females,Australian Capital Territory,3,n.p.,C43
Mortality,Melanoma of the skin,1988,Females,Northern Territory,0,0.0,C43
Mortality,Melanoma of the skin,1989,Males,New South Wales,187,7.9,C43
Mortality,Melanoma of the skin,1989,Males,Victoria,104,6.0,C43
Mortality,Melanoma of the skin,1989,Males,Queensland,90,8.4,C43
Mortality,Melanoma of the skin,1989,Males,Western Australia,50,8.6,C43
Mortality,Melanoma of the skin,1989,Males,South Australia,58,9.9,C43
Mortality,Melanoma of the skin,1989,Males,Tasmania,6,3.5,C43
Mortality,Melanoma of the skin,1989,Males,Australian Capital Territory,4,n.p.,C43
Mortality,Melanoma of the skin,1989,Males,Northern Territory,2,n.p.,C43
Mortality,Melanoma of the skin,1989,Females,New South Wales,109,4.0,C43
Mortality,Melanoma of the skin,1989,Females,Victoria,71,3.5,C43
Mortality,Melanoma of the skin,1989,Females,Queensland,54,4.1,C43
Mortality,Melanoma of the skin,1989,Females,Western Australia,19,2.9,C43
Mortality,Melanoma of the skin,1989,Females,South Australia,20,2.8,C43
Mortality,Melanoma of the skin,1989,Females,Tasmania,5,2.4,C43
Mortality,Melanoma of the skin,1989,Females,Australian Capital Territory,3,n.p.,C43
Mortality,Melanoma of the skin,1989,Females,Northern Territory,0,0.0,C43
Mortality,Melanoma of the skin,1990,Males,New South Wales,214,8.9,C43
Mortality,Melanoma of the skin,1990,Males,Victoria,106,6.1,C43
Mortality,Melanoma of the skin,1990,Males,Queensland,81,7.2,C43
Mortality,Melanoma of the skin,1990,Males,Western Australia,34,5.5,C43
Mortality,Melanoma of the skin,1990,Males,South Australia,49,8.0,C43
Mortality,Melanoma of the skin,1990,Males,Tasmania,16,8.4,C43
Mortality,Melanoma of the skin,1990,Males,Australian Capital Territory,9,9.9,C43
Mortality,Melanoma of the skin,1990,Males,Northern Territory,3,n.p.,C43
Mortality,Melanoma of the skin,1990,Females,New South Wales,112,3.9,C43
Mortality,Melanoma of the skin,1990,Females,Victoria,72,3.3,C43
Mortality,Melanoma of the skin,1990,Females,Queensland,54,4.1,C43
Mortality,Melanoma of the skin,1990,Females,Western Australia,35,5.0,C43
Mortality,Melanoma of the skin,1990,Females,South Australia,28,3.8,C43
Mortality,Melanoma of the skin,1990,Females,Tasmania,7,3.3,C43
Mortality,Melanoma of the skin,1990,Females,Australian Capital Territory,7,6.3,C43
Mortality,Melanoma of the skin,1990,Females,Northern Territory,2,n.p.,C43
Mortality,Melanoma of the skin,1991,Males,New South Wales,220,9.2,C43
Mortality,Melanoma of the skin,1991,Males,Victoria,106,6.2,C43
Mortality,Melanoma of the skin,1991,Males,Queensland,101,8.8,C43
Mortality,Melanoma of the skin,1991,Males,Western Australia,36,6.1,C43
Mortality,Melanoma of the skin,1991,Males,South Australia,28,4.6,C43
Mortality,Melanoma of the skin,1991,Males,Tasmania,8,3.8,C43
Mortality,Melanoma of the skin,1991,Males,Australian Capital Territory,10,12.1,C43
Mortality,Melanoma of the skin,1991,Males,Northern Territory,3,n.p.,C43
Mortality,Melanoma of the skin,1991,Females,New South Wales,100,3.5,C43
Mortality,Melanoma of the skin,1991,Females,Victoria,72,3.3,C43
Mortality,Melanoma of the skin,1991,Females,Queensland,48,3.7,C43
Mortality,Melanoma of the skin,1991,Females,Western Australia,23,3.3,C43
Mortality,Melanoma of the skin,1991,Females,South Australia,28,3.7,C43
Mortality,Melanoma of the skin,1991,Females,Tasmania,14,6.3,C43
Mortality,Melanoma of the skin,1991,Females,Australian Capital Territory,5,4.8,C43
Mortality,Melanoma of the skin,1991,Females,Northern Territory,2,n.p.,C43
Mortality,Melanoma of the skin,1992,Males,New South Wales,221,9.0,C43
Mortality,Melanoma of the skin,1992,Males,Victoria,109,6.1,C43
Mortality,Melanoma of the skin,1992,Males,Queensland,110,9.2,C43
Mortality,Melanoma of the skin,1992,Males,Western Australia,36,5.6,C43
Mortality,Melanoma of the skin,1992,Males,South Australia,28,5.1,C43
Mortality,Melanoma of the skin,1992,Males,Tasmania,7,4.2,C43
Mortality,Melanoma of the skin,1992,Males,Australian Capital Territory,7,4.8,C43
Mortality,Melanoma of the skin,1992,Males,Northern Territory,5,16.1,C43
Mortality,Melanoma of the skin,1992,Females,New South Wales,145,4.9,C43
Mortality,Melanoma of the skin,1992,Females,Victoria,80,3.7,C43
Mortality,Melanoma of the skin,1992,Females,Queensland,49,3.5,C43
Mortality,Melanoma of the skin,1992,Females,Western Australia,38,5.0,C43
Mortality,Melanoma of the skin,1992,Females,South Australia,24,3.1,C43
Mortality,Melanoma of the skin,1992,Females,Tasmania,5,2.0,C43
Mortality,Melanoma of the skin,1992,Females,Australian Capital Territory,3,n.p.,C43
Mortality,Melanoma of the skin,1992,Females,Northern Territory,0,0.0,C43
Mortality,Melanoma of the skin,1993,Males,New South Wales,237,9.3,C43
Mortality,Melanoma of the skin,1993,Males,Victoria,119,6.6,C43
Mortality,Melanoma of the skin,1993,Males,Queensland,112,9.1,C43
Mortality,Melanoma of the skin,1993,Males,Western Australia,57,9.2,C43
Mortality,Melanoma of the skin,1993,Males,South Australia,34,5.7,C43
Mortality,Melanoma of the skin,1993,Males,Tasmania,12,5.6,C43
Mortality,Melanoma of the skin,1993,Males,Australian Capital Territory,4,n.p.,C43
Mortality,Melanoma of the skin,1993,Males,Northern Territory,6,17.0,C43
Mortality,Melanoma of the skin,1993,Females,New South Wales,97,3.1,C43
Mortality,Melanoma of the skin,1993,Females,Victoria,67,3.0,C43
Mortality,Melanoma of the skin,1993,Females,Queensland,61,4.3,C43
Mortality,Melanoma of the skin,1993,Females,Western Australia,20,2.6,C43
Mortality,Melanoma of the skin,1993,Females,South Australia,17,2.2,C43
Mortality,Melanoma of the skin,1993,Females,Tasmania,7,2.8,C43
Mortality,Melanoma of the skin,1993,Females,Australian Capital Territory,2,n.p.,C43
Mortality,Melanoma of the skin,1993,Females,Northern Territory,1,n.p.,C43
Mortality,Melanoma of the skin,1994,Males,New South Wales,219,8.9,C43
Mortality,Melanoma of the skin,1994,Males,Victoria,117,6.1,C43
Mortality,Melanoma of the skin,1994,Males,Queensland,156,12.0,C43
Mortality,Melanoma of the skin,1994,Males,Western Australia,55,8.7,C43
Mortality,Melanoma of the skin,1994,Males,South Australia,43,6.6,C43
Mortality,Melanoma of the skin,1994,Males,Tasmania,9,4.5,C43
Mortality,Melanoma of the skin,1994,Males,Australian Capital Territory,6,6.8,C43
Mortality,Melanoma of the skin,1994,Males,Northern Territory,4,n.p.,C43
Mortality,Melanoma of the skin,1994,Females,New South Wales,105,3.4,C43
Mortality,Melanoma of the skin,1994,Females,Victoria,66,2.9,C43
Mortality,Melanoma of the skin,1994,Females,Queensland,57,3.8,C43
Mortality,Melanoma of the skin,1994,Females,Western Australia,24,3.2,C43
Mortality,Melanoma of the skin,1994,Females,South Australia,29,3.7,C43
Mortality,Melanoma of the skin,1994,Females,Tasmania,5,1.9,C43
Mortality,Melanoma of the skin,1994,Females,Australian Capital Territory,2,n.p.,C43
Mortality,Melanoma of the skin,1994,Females,Northern Territory,0,0.0,C43
Mortality,Melanoma of the skin,1995,Males,New South Wales,239,9.4,C43
Mortality,Melanoma of the skin,1995,Males,Victoria,130,6.6,C43
Mortality,Melanoma of the skin,1995,Males,Queensland,129,10.1,C43
Mortality,Melanoma of the skin,1995,Males,Western Australia,47,7.5,C43
Mortality,Melanoma of the skin,1995,Males,South Australia,35,5.3,C43
Mortality,Melanoma of the skin,1995,Males,Tasmania,13,6.3,C43
Mortality,Melanoma of the skin,1995,Males,Australian Capital Territory,5,5.3,C43
Mortality,Melanoma of the skin,1995,Males,Northern Territory,3,n.p.,C43
Mortality,Melanoma of the skin,1995,Females,New South Wales,112,3.6,C43
Mortality,Melanoma of the skin,1995,Females,Victoria,93,4.0,C43
Mortality,Melanoma of the skin,1995,Females,Queensland,65,4.3,C43
Mortality,Melanoma of the skin,1995,Females,Western Australia,32,4.0,C43
Mortality,Melanoma of the skin,1995,Females,South Australia,20,2.5,C43
Mortality,Melanoma of the skin,1995,Females,Tasmania,6,2.3,C43
Mortality,Melanoma of the skin,1995,Females,Australian Capital Territory,6,4.7,C43
Mortality,Melanoma of the skin,1995,Females,Northern Territory,0,0.0,C43
Mortality,Melanoma of the skin,1996,Males,New South Wales,227,8.8,C43
Mortality,Melanoma of the skin,1996,Males,Victoria,135,7.0,C43
Mortality,Melanoma of the skin,1996,Males,Queensland,109,8.4,C43
Mortality,Melanoma of the skin,1996,Males,Western Australia,55,8.0,C43
Mortality,Melanoma of the skin,1996,Males,South Australia,39,5.5,C43
Mortality,Melanoma of the skin,1996,Males,Tasmania,8,3.9,C43
Mortality,Melanoma of the skin,1996,Males,Australian Capital Territory,5,6.4,C43
Mortality,Melanoma of the skin,1996,Males,Northern Territory,4,n.p.,C43
Mortality,Melanoma of the skin,1996,Females,New South Wales,119,3.7,C43
Mortality,Melanoma of the skin,1996,Females,Victoria,67,2.8,C43
Mortality,Melanoma of the skin,1996,Females,Queensland,64,4.1,C43
Mortality,Melanoma of the skin,1996,Females,Western Australia,29,3.5,C43
Mortality,Melanoma of the skin,1996,Females,South Australia,29,3.5,C43
Mortality,Melanoma of the skin,1996,Females,Tasmania,8,3.3,C43
Mortality,Melanoma of the skin,1996,Females,Australian Capital Territory,5,4.0,C43
Mortality,Melanoma of the skin,1996,Females,Northern Territory,2,n.p.,C43
Mortality,Melanoma of the skin,1997,Males,New South Wales,235,8.7,C43
Mortality,Melanoma of the skin,1997,Males,Victoria,122,6.0,C43
Mortality,Melanoma of the skin,1997,Males,Queensland,124,8.6,C43
Mortality,Melanoma of the skin,1997,Males,Western Australia,46,6.3,C43
Mortality,Melanoma of the skin,1997,Males,South Australia,37,5.2,C43
Mortality,Melanoma of the skin,1997,Males,Tasmania,8,3.6,C43
Mortality,Melanoma of the skin,1997,Males,Australian Capital Territory,4,n.p.,C43
Mortality,Melanoma of the skin,1997,Males,Northern Territory,1,n.p.,C43
Mortality,Melanoma of the skin,1997,Females,New South Wales,114,3.4,C43
Mortality,Melanoma of the skin,1997,Females,Victoria,79,3.2,C43
Mortality,Melanoma of the skin,1997,Females,Queensland,61,3.8,C43
Mortality,Melanoma of the skin,1997,Females,Western Australia,30,3.6,C43
Mortality,Melanoma of the skin,1997,Females,South Australia,27,3.2,C43
Mortality,Melanoma of the skin,1997,Females,Tasmania,9,3.7,C43
Mortality,Melanoma of the skin,1997,Females,Australian Capital Territory,5,4.6,C43
Mortality,Melanoma of the skin,1997,Females,Northern Territory,0,0.0,C43
Mortality,Melanoma of the skin,1998,Males,New South Wales,236,8.4,C43
Mortality,Melanoma of the skin,1998,Males,Victoria,132,6.5,C43
Mortality,Melanoma of the skin,1998,Males,Queensland,141,10.0,C43
Mortality,Melanoma of the skin,1998,Males,Western Australia,56,7.9,C43
Mortality,Melanoma of the skin,1998,Males,South Australia,42,5.7,C43
Mortality,Melanoma of the skin,1998,Males,Tasmania,10,4.9,C43
Mortality,Melanoma of the skin,1998,Males,Australian Capital Territory,4,n.p.,C43
Mortality,Melanoma of the skin,1998,Males,Northern Territory,2,n.p.,C43
Mortality,Melanoma of the skin,1998,Females,New South Wales,116,3.3,C43
Mortality,Melanoma of the skin,1998,Females,Victoria,79,3.1,C43
Mortality,Melanoma of the skin,1998,Females,Queensland,82,4.9,C43
Mortality,Melanoma of the skin,1998,Females,Western Australia,32,3.7,C43
Mortality,Melanoma of the skin,1998,Females,South Australia,25,3.1,C43
Mortality,Melanoma of the skin,1998,Females,Tasmania,4,n.p.,C43
Mortality,Melanoma of the skin,1998,Females,Australian Capital Territory,3,n.p.,C43
Mortality,Melanoma of the skin,1998,Females,Northern Territory,2,n.p.,C43
Mortality,Melanoma of the skin,1999,Males,New South Wales,240,8.6,C43
Mortality,Melanoma of the skin,1999,Males,Victoria,118,5.7,C43
Mortality,Melanoma of the skin,1999,Males,Queensland,152,10.3,C43
Mortality,Melanoma of the skin,1999,Males,Western Australia,60,8.4,C43
Mortality,Melanoma of the skin,1999,Males,South Australia,44,6.1,C43
Mortality,Melanoma of the skin,1999,Males,Tasmania,14,7.0,C43
Mortality,Melanoma of the skin,1999,Males,Australian Capital Territory,7,6.3,C43
Mortality,Melanoma of the skin,1999,Males,Northern Territory,6,10.1,C43
Mortality,Melanoma of the skin,1999,Females,New South Wales,130,3.7,C43
Mortality,Melanoma of the skin,1999,Females,Victoria,82,3.3,C43
Mortality,Melanoma of the skin,1999,Females,Queensland,83,4.8,C43
Mortality,Melanoma of the skin,1999,Females,Western Australia,30,3.3,C43
Mortality,Melanoma of the skin,1999,Females,South Australia,29,3.4,C43
Mortality,Melanoma of the skin,1999,Females,Tasmania,8,3.1,C43
Mortality,Melanoma of the skin,1999,Females,Australian Capital Territory,2,n.p.,C43
Mortality,Melanoma of the skin,1999,Females,Northern Territory,0,0.0,C43
Mortality,Melanoma of the skin,2000,Males,New South Wales,233,8.1,C43
Mortality,Melanoma of the skin,2000,Males,Victoria,129,6.0,C43
Mortality,Melanoma of the skin,2000,Males,Queensland,142,9.3,C43
Mortality,Melanoma of the skin,2000,Males,Western Australia,52,7.1,C43
Mortality,Melanoma of the skin,2000,Males,South Australia,39,5.5,C43
Mortality,Melanoma of the skin,2000,Males,Tasmania,12,5.1,C43
Mortality,Melanoma of the skin,2000,Males,Australian Capital Territory,6,5.0,C43
Mortality,Melanoma of the skin,2000,Males,Northern Territory,4,n.p.,C43
Mortality,Melanoma of the skin,2000,Females,New South Wales,122,3.5,C43
Mortality,Melanoma of the skin,2000,Females,Victoria,89,3.4,C43
Mortality,Melanoma of the skin,2000,Females,Queensland,64,3.6,C43
Mortality,Melanoma of the skin,2000,Females,Western Australia,37,4.0,C43
Mortality,Melanoma of the skin,2000,Females,South Australia,23,2.4,C43
Mortality,Melanoma of the skin,2000,Females,Tasmania,11,4.1,C43
Mortality,Melanoma of the skin,2000,Females,Australian Capital Territory,4,n.p.,C43
Mortality,Melanoma of the skin,2000,Females,Northern Territory,4,n.p.,C43
Mortality,Melanoma of the skin,2001,Males,New South Wales,282,9.4,C43
Mortality,Melanoma of the skin,2001,Males,Victoria,129,6.0,C43
Mortality,Melanoma of the skin,2001,Males,Queensland,148,9.2,C43
Mortality,Melanoma of the skin,2001,Males,Western Australia,56,7.2,C43
Mortality,Melanoma of the skin,2001,Males,South Australia,50,6.5,C43
Mortality,Melanoma of the skin,2001,Males,Tasmania,11,5.1,C43
Mortality,Melanoma of the skin,2001,Males,Australian Capital Territory,6,4.6,C43
Mortality,Melanoma of the skin,2001,Males,Northern Territory,2,n.p.,C43
Mortality,Melanoma of the skin,2001,Females,New South Wales,159,4.4,C43
Mortality,Melanoma of the skin,2001,Females,Victoria,81,3.1,C43
Mortality,Melanoma of the skin,2001,Females,Queensland,67,3.6,C43
Mortality,Melanoma of the skin,2001,Females,Western Australia,44,4.5,C43
Mortality,Melanoma of the skin,2001,Females,South Australia,25,2.7,C43
Mortality,Melanoma of the skin,2001,Females,Tasmania,11,3.7,C43
Mortality,Melanoma of the skin,2001,Females,Australian Capital Territory,2,n.p.,C43
Mortality,Melanoma of the skin,2001,Females,Northern Territory,1,n.p.,C43
Mortality,Melanoma of the skin,2002,Males,New South Wales,306,10.1,C43
Mortality,Melanoma of the skin,2002,Males,Victoria,134,6.0,C43
Mortality,Melanoma of the skin,2002,Males,Queensland,134,8.6,C43
Mortality,Melanoma of the skin,2002,Males,Western Australia,63,7.6,C43
Mortality,Melanoma of the skin,2002,Males,South Australia,52,6.7,C43
Mortality,Melanoma of the skin,2002,Males,Tasmania,25,10.9,C43
Mortality,Melanoma of the skin,2002,Males,Australian Capital Territory,8,7.1,C43
Mortality,Melanoma of the skin,2002,Males,Northern Territory,2,n.p.,C43
Mortality,Melanoma of the skin,2002,Females,New South Wales,122,3.2,C43
Mortality,Melanoma of the skin,2002,Females,Victoria,83,3.0,C43
Mortality,Melanoma of the skin,2002,Females,Queensland,64,3.4,C43
Mortality,Melanoma of the skin,2002,Females,Western Australia,28,2.9,C43
Mortality,Melanoma of the skin,2002,Females,South Australia,23,2.3,C43
Mortality,Melanoma of the skin,2002,Females,Tasmania,6,1.8,C43
Mortality,Melanoma of the skin,2002,Females,Australian Capital Territory,4,n.p.,C43
Mortality,Melanoma of the skin,2002,Females,Northern Territory,0,0.0,C43
Mortality,Melanoma of the skin,2003,Males,New South Wales,264,8.5,C43
Mortality,Melanoma of the skin,2003,Males,Victoria,156,6.9,C43
Mortality,Melanoma of the skin,2003,Males,Queensland,189,11.4,C43
Mortality,Melanoma of the skin,2003,Males,Western Australia,64,7.4,C43
Mortality,Melanoma of the skin,2003,Males,South Australia,54,6.9,C43
Mortality,Melanoma of the skin,2003,Males,Tasmania,24,10.2,C43
Mortality,Melanoma of the skin,2003,Males,Australian Capital Territory,12,9.4,C43
Mortality,Melanoma of the skin,2003,Males,Northern Territory,1,n.p.,C43
Mortality,Melanoma of the skin,2003,Females,New South Wales,146,3.9,C43
Mortality,Melanoma of the skin,2003,Females,Victoria,79,2.9,C43
Mortality,Melanoma of the skin,2003,Females,Queensland,89,4.5,C43
Mortality,Melanoma of the skin,2003,Females,Western Australia,34,3.4,C43
Mortality,Melanoma of the skin,2003,Females,South Australia,20,2.2,C43
Mortality,Melanoma of the skin,2003,Females,Tasmania,5,1.7,C43
Mortality,Melanoma of the skin,2003,Females,Australian Capital Territory,8,5.1,C43
Mortality,Melanoma of the skin,2003,Females,Northern Territory,1,n.p.,C43
Mortality,Melanoma of the skin,2004,Males,New South Wales,286,9.0,C43
Mortality,Melanoma of the skin,2004,Males,Victoria,174,7.5,C43
Mortality,Melanoma of the skin,2004,Males,Queensland,195,11.2,C43
Mortality,Melanoma of the skin,2004,Males,Western Australia,81,9.5,C43
Mortality,Melanoma of the skin,2004,Males,South Australia,43,5.5,C43
Mortality,Melanoma of the skin,2004,Males,Tasmania,20,8.1,C43
Mortality,Melanoma of the skin,2004,Males,Australian Capital Territory,14,10.3,C43
Mortality,Melanoma of the skin,2004,Males,Northern Territory,2,n.p.,C43
Mortality,Melanoma of the skin,2004,Females,New South Wales,124,3.2,C43
Mortality,Melanoma of the skin,2004,Females,Victoria,89,3.1,C43
Mortality,Melanoma of the skin,2004,Females,Queensland,84,4.1,C43
Mortality,Melanoma of the skin,2004,Females,Western Australia,43,4.2,C43
Mortality,Melanoma of the skin,2004,Females,South Australia,30,3.0,C43
Mortality,Melanoma of the skin,2004,Females,Tasmania,9,2.6,C43
Mortality,Melanoma of the skin,2004,Females,Australian Capital Territory,5,3.4,C43
Mortality,Melanoma of the skin,2004,Females,Northern Territory,1,n.p.,C43
Mortality,Melanoma of the skin,2005,Males,New South Wales,328,10.3,C43
Mortality,Melanoma of the skin,2005,Males,Victoria,156,6.5,C43
Mortality,Melanoma of the skin,2005,Males,Queensland,186,10.4,C43
Mortality,Melanoma of the skin,2005,Males,Western Australia,98,10.9,C43
Mortality,Melanoma of the skin,2005,Males,South Australia,54,6.5,C43
Mortality,Melanoma of the skin,2005,Males,Tasmania,28,11.4,C43
Mortality,Melanoma of the skin,2005,Males,Australian Capital Territory,7,5.3,C43
Mortality,Melanoma of the skin,2005,Males,Northern Territory,3,n.p.,C43
Mortality,Melanoma of the skin,2005,Females,New South Wales,158,3.9,C43
Mortality,Melanoma of the skin,2005,Females,Victoria,84,2.9,C43
Mortality,Melanoma of the skin,2005,Females,Queensland,90,4.3,C43
Mortality,Melanoma of the skin,2005,Females,Western Australia,37,3.4,C43
Mortality,Melanoma of the skin,2005,Females,South Australia,26,2.4,C43
Mortality,Melanoma of the skin,2005,Females,Tasmania,11,3.8,C43
Mortality,Melanoma of the skin,2005,Females,Australian Capital Territory,6,3.7,C43
Mortality,Melanoma of the skin,2005,Females,Northern Territory,1,n.p.,C43
Mortality,Melanoma of the skin,2006,Males,New South Wales,292,9.0,C43
Mortality,Melanoma of the skin,2006,Males,Victoria,176,7.4,C43
Mortality,Melanoma of the skin,2006,Males,Queensland,170,9.3,C43
Mortality,Melanoma of the skin,2006,Males,Western Australia,77,8.3,C43
Mortality,Melanoma of the skin,2006,Males,South Australia,48,5.9,C43
Mortality,Melanoma of the skin,2006,Males,Tasmania,11,4.5,C43
Mortality,Melanoma of the skin,2006,Males,Australian Capital Territory,17,14.0,C43
Mortality,Melanoma of the skin,2006,Males,Northern Territory,4,n.p.,C43
Mortality,Melanoma of the skin,2006,Females,New South Wales,156,3.9,C43
Mortality,Melanoma of the skin,2006,Females,Victoria,106,3.6,C43
Mortality,Melanoma of the skin,2006,Females,Queensland,91,4.2,C43
Mortality,Melanoma of the skin,2006,Females,Western Australia,50,4.7,C43
Mortality,Melanoma of the skin,2006,Females,South Australia,28,2.7,C43
Mortality,Melanoma of the skin,2006,Females,Tasmania,13,4.5,C43
Mortality,Melanoma of the skin,2006,Females,Australian Capital Territory,9,5.7,C43
Mortality,Melanoma of the skin,2006,Females,Northern Territory,2,n.p.,C43
Mortality,Melanoma of the skin,2007,Males,New South Wales,337,10.0,C43
Mortality,Melanoma of the skin,2007,Males,Victoria,176,6.9,C43
Mortality,Melanoma of the skin,2007,Males,Queensland,211,11.1,C43
Mortality,Melanoma of the skin,2007,Males,Western Australia,89,9.6,C43
Mortality,Melanoma of the skin,2007,Males,South Australia,48,5.6,C43
Mortality,Melanoma of the skin,2007,Males,Tasmania,12,4.7,C43
Mortality,Melanoma of the skin,2007,Males,Australian Capital Territory,15,11.2,C43
Mortality,Melanoma of the skin,2007,Males,Northern Territory,2,n.p.,C43
Mortality,Melanoma of the skin,2007,Females,New South Wales,143,3.4,C43
Mortality,Melanoma of the skin,2007,Females,Victoria,102,3.4,C43
Mortality,Melanoma of the skin,2007,Females,Queensland,94,4.2,C43
Mortality,Melanoma of the skin,2007,Females,Western Australia,40,3.6,C43
Mortality,Melanoma of the skin,2007,Females,South Australia,36,3.6,C43
Mortality,Melanoma of the skin,2007,Females,Tasmania,6,1.6,C43
Mortality,Melanoma of the skin,2007,Females,Australian Capital Territory,3,n.p.,C43
Mortality,Melanoma of the skin,2007,Females,Northern Territory,1,n.p.,C43
Mortality,Melanoma of the skin,2008,Males,New South Wales,332,9.5,C43
Mortality,Melanoma of the skin,2008,Males,Victoria,184,7.2,C43
Mortality,Melanoma of the skin,2008,Males,Queensland,216,10.9,C43
Mortality,Melanoma of the skin,2008,Males,Western Australia,94,9.7,C43
Mortality,Melanoma of the skin,2008,Males,South Australia,78,9.0,C43
Mortality,Melanoma of the skin,2008,Males,Tasmania,26,8.8,C43
Mortality,Melanoma of the skin,2008,Males,Australian Capital Territory,11,8.6,C43
Mortality,Melanoma of the skin,2008,Males,Northern Territory,1,n.p.,C43
Mortality,Melanoma of the skin,2008,Females,New South Wales,152,3.6,C43
Mortality,Melanoma of the skin,2008,Females,Victoria,104,3.3,C43
Mortality,Melanoma of the skin,2008,Females,Queensland,105,4.6,C43
Mortality,Melanoma of the skin,2008,Females,Western Australia,32,2.7,C43
Mortality,Melanoma of the skin,2008,Females,South Australia,42,4.0,C43
Mortality,Melanoma of the skin,2008,Females,Tasmania,12,3.8,C43
Mortality,Melanoma of the skin,2008,Females,Australian Capital Territory,7,3.9,C43
Mortality,Melanoma of the skin,2008,Females,Northern Territory,1,n.p.,C43
Mortality,Melanoma of the skin,2009,Males,New South Wales,346,9.8,C43
Mortality,Melanoma of the skin,2009,Males,Victoria,215,8.1,C43
Mortality,Melanoma of the skin,2009,Males,Queensland,200,9.8,C43
Mortality,Melanoma of the skin,2009,Males,Western Australia,88,8.6,C43
Mortality,Melanoma of the skin,2009,Males,South Australia,65,7.3,C43
Mortality,Melanoma of the skin,2009,Males,Tasmania,19,6.7,C43
Mortality,Melanoma of the skin,2009,Males,Australian Capital Territory,13,9.5,C43
Mortality,Melanoma of the skin,2009,Males,Northern Territory,2,n.p.,C43
Mortality,Melanoma of the skin,2009,Females,New South Wales,156,3.7,C43
Mortality,Melanoma of the skin,2009,Females,Victoria,100,3.0,C43
Mortality,Melanoma of the skin,2009,Females,Queensland,107,4.5,C43
Mortality,Melanoma of the skin,2009,Females,Western Australia,45,3.8,C43
Mortality,Melanoma of the skin,2009,Females,South Australia,32,3.0,C43
Mortality,Melanoma of the skin,2009,Females,Tasmania,16,5.2,C43
Mortality,Melanoma of the skin,2009,Females,Australian Capital Territory,9,4.9,C43
Mortality,Melanoma of the skin,2009,Females,Northern Territory,0,0.0,C43
Mortality,Melanoma of the skin,2010,Males,New South Wales,361,9.9,C43
Mortality,Melanoma of the skin,2010,Males,Victoria,205,7.3,C43
Mortality,Melanoma of the skin,2010,Males,Queensland,231,11.2,C43
Mortality,Melanoma of the skin,2010,Males,Western Australia,83,7.7,C43
Mortality,Melanoma of the skin,2010,Males,South Australia,68,7.4,C43
Mortality,Melanoma of the skin,2010,Males,Tasmania,20,6.8,C43
Mortality,Melanoma of the skin,2010,Males,Australian Capital Territory,9,7.3,C43
Mortality,Melanoma of the skin,2010,Males,Northern Territory,7,8.1,C43
Mortality,Melanoma of the skin,2010,Females,New South Wales,156,3.6,C43
Mortality,Melanoma of the skin,2010,Females,Victoria,90,2.7,C43
Mortality,Melanoma of the skin,2010,Females,Queensland,126,5.2,C43
Mortality,Melanoma of the skin,2010,Females,Western Australia,37,3.0,C43
Mortality,Melanoma of the skin,2010,Females,South Australia,19,1.7,C43
Mortality,Melanoma of the skin,2010,Females,Tasmania,11,3.5,C43
Mortality,Melanoma of the skin,2010,Females,Australian Capital Territory,9,5.5,C43
Mortality,Melanoma of the skin,2010,Females,Northern Territory,0,0.0,C43
Mortality,Melanoma of the skin,2011,Males,New South Wales,361,9.7,C43
Mortality,Melanoma of the skin,2011,Males,Victoria,218,7.8,C43
Mortality,Melanoma of the skin,2011,Males,Queensland,249,11.5,C43
Mortality,Melanoma of the skin,2011,Males,Western Australia,131,12.5,C43
Mortality,Melanoma of the skin,2011,Males,South Australia,81,8.7,C43
Mortality,Melanoma of the skin,2011,Males,Tasmania,24,8.2,C43
Mortality,Melanoma of the skin,2011,Males,Australian Capital Territory,10,7.1,C43
Mortality,Melanoma of the skin,2011,Males,Northern Territory,1,n.p.,C43
Mortality,Melanoma of the skin,2011,Females,New South Wales,153,3.4,C43
Mortality,Melanoma of the skin,2011,Females,Victoria,115,3.3,C43
Mortality,Melanoma of the skin,2011,Females,Queensland,102,4.1,C43
Mortality,Melanoma of the skin,2011,Females,Western Australia,46,3.6,C43
Mortality,Melanoma of the skin,2011,Females,South Australia,29,2.5,C43
Mortality,Melanoma of the skin,2011,Females,Tasmania,17,4.4,C43
Mortality,Melanoma of the skin,2011,Females,Australian Capital Territory,3,n.p.,C43
Mortality,Melanoma of the skin,2011,Females,Northern Territory,5,5.5,C43
Mortality,Melanoma of the skin,2012,Males,New South Wales,369,9.5,C43
Mortality,Melanoma of the skin,2012,Males,Victoria,209,7.2,C43
Mortality,Melanoma of the skin,2012,Males,Queensland,237,10.9,C43
Mortality,Melanoma of the skin,2012,Males,Western Australia,110,9.7,C43
Mortality,Melanoma of the skin,2012,Males,South Australia,62,6.6,C43
Mortality,Melanoma of the skin,2012,Males,Tasmania,27,9.2,C43
Mortality,Melanoma of the skin,2012,Males,Australian Capital Territory,20,13.5,C43
Mortality,Melanoma of the skin,2012,Males,Northern Territory,8,8.9,C43
Mortality,Melanoma of the skin,2012,Females,New South Wales,168,3.5,C43
Mortality,Melanoma of the skin,2012,Females,Victoria,108,3.1,C43
Mortality,Melanoma of the skin,2012,Females,Queensland,118,4.5,C43
Mortality,Melanoma of the skin,2012,Females,Western Australia,39,3.1,C43
Mortality,Melanoma of the skin,2012,Females,South Australia,37,3.3,C43
Mortality,Melanoma of the skin,2012,Females,Tasmania,20,5.4,C43
Mortality,Melanoma of the skin,2012,Females,Australian Capital Territory,6,3.0,C43
Mortality,Melanoma of the skin,2012,Females,Northern Territory,0,0.0,C43
Mortality,Melanoma of the skin,2013,Males,New South Wales,384,9.7,C43
Mortality,Melanoma of the skin,2013,Males,Victoria,233,7.8,C43
Mortality,Melanoma of the skin,2013,Males,Queensland,295,12.8,C43
Mortality,Melanoma of the skin,2013,Males,Western Australia,106,9.2,C43
Mortality,Melanoma of the skin,2013,Males,South Australia,61,6.3,C43
Mortality,Melanoma of the skin,2013,Males,Tasmania,20,6.7,C43
Mortality,Melanoma of the skin,2013,Males,Australian Capital Territory,11,7.0,C43
Mortality,Melanoma of the skin,2013,Males,Northern Territory,4,n.p.,C43
Mortality,Melanoma of the skin,2013,Females,New South Wales,161,3.6,C43
Mortality,Melanoma of the skin,2013,Females,Victoria,120,3.3,C43
Mortality,Melanoma of the skin,2013,Females,Queensland,114,4.4,C43
Mortality,Melanoma of the skin,2013,Females,Western Australia,48,3.6,C43
Mortality,Melanoma of the skin,2013,Females,South Australia,40,3.2,C43
Mortality,Melanoma of the skin,2013,Females,Tasmania,11,3.6,C43
Mortality,Melanoma of the skin,2013,Females,Australian Capital Territory,7,3.8,C43
Mortality,Melanoma of the skin,2013,Females,Northern Territory,1,n.p.,C43
Mortality,Melanoma of the skin,2014,Males,New South Wales,340,8.3,C43
Mortality,Melanoma of the skin,2014,Males,Victoria,186,6.1,C43
Mortality,Melanoma of the skin,2014,Males,Queensland,237,10.2,C43
Mortality,Melanoma of the skin,2014,Males,Western Australia,96,8.1,C43
Mortality,Melanoma of the skin,2014,Males,South Australia,84,8.5,C43
Mortality,Melanoma of the skin,2014,Males,Tasmania,26,8.4,C43
Mortality,Melanoma of the skin,2014,Males,Australian Capital Territory,8,5.2,C43
Mortality,Melanoma of the skin,2014,Males,Northern Territory,5,5.8,C43
Mortality,Melanoma of the skin,2014,Females,New South Wales,166,3.4,C43
Mortality,Melanoma of the skin,2014,Females,Victoria,90,2.4,C43
Mortality,Melanoma of the skin,2014,Females,Queensland,114,4.2,C43
Mortality,Melanoma of the skin,2014,Females,Western Australia,54,3.7,C43
Mortality,Melanoma of the skin,2014,Females,South Australia,34,2.9,C43
Mortality,Melanoma of the skin,2014,Females,Tasmania,14,3.9,C43
Mortality,Melanoma of the skin,2014,Females,Australian Capital Territory,10,5.1,C43
Mortality,Melanoma of the skin,2014,Females,Northern Territory,2,n.p.,C43
Mortality,Melanoma of the skin,2015,Males,New South Wales,373,8.9,C43
Mortality,Melanoma of the skin,2015,Males,Victoria,200,6.3,C43
Mortality,Melanoma of the skin,2015,Males,Queensland,204,8.6,C43
Mortality,Melanoma of the skin,2015,Males,Western Australia,102,8.4,C43
Mortality,Melanoma of the skin,2015,Males,South Australia,79,7.6,C43
Mortality,Melanoma of the skin,2015,Males,Tasmania,20,6.3,C43
Mortality,Melanoma of the skin,2015,Males,Australian Capital Territory,9,5.4,C43
Mortality,Melanoma of the skin,2015,Males,Northern Territory,9,10.7,C43
Mortality,Melanoma of the skin,2015,Females,New South Wales,174,3.5,C43
Mortality,Melanoma of the skin,2015,Females,Victoria,116,3.2,C43
Mortality,Melanoma of the skin,2015,Females,Queensland,118,4.2,C43
Mortality,Melanoma of the skin,2015,Females,Western Australia,59,3.9,C43
Mortality,Melanoma of the skin,2015,Females,South Australia,22,1.9,C43
Mortality,Melanoma of the skin,2015,Females,Tasmania,9,2.4,C43
Mortality,Melanoma of the skin,2015,Females,Australian Capital Territory,3,n.p.,C43
Mortality,Melanoma of the skin,2015,Females,Northern Territory,1,n.p.,C43
Mortality,Melanoma of the skin,2016,Males,New South Wales,295,6.8,C43
Mortality,Melanoma of the skin,2016,Males,Victoria,177,5.4,C43
Mortality,Melanoma of the skin,2016,Males,Queensland,204,8.2,C43
Mortality,Melanoma of the skin,2016,Males,Western Australia,89,6.9,C43
Mortality,Melanoma of the skin,2016,Males,South Australia,52,4.9,C43
Mortality,Melanoma of the skin,2016,Males,Tasmania,24,7.2,C43
Mortality,Melanoma of the skin,2016,Males,Australian Capital Territory,10,5.9,C43
Mortality,Melanoma of the skin,2016,Males,Northern Territory,1,n.p.,C43
Mortality,Melanoma of the skin,2016,Females,New South Wales,143,2.7,C43
Mortality,Melanoma of the skin,2016,Females,Victoria,84,2.3,C43
Mortality,Melanoma of the skin,2016,Females,Queensland,98,3.3,C43
Mortality,Melanoma of the skin,2016,Females,Western Australia,37,2.5,C43
Mortality,Melanoma of the skin,2016,Females,South Australia,43,3.4,C43
Mortality,Melanoma of the skin,2016,Females,Tasmania,11,3.0,C43
Mortality,Melanoma of the skin,2016,Females,Australian Capital Territory,6,3.1,C43
Mortality,Melanoma of the skin,2016,Females,Northern Territory,2,n.p.,C43